Index Change,Ticker,Announced,Trade Date,Action,Last Px,Sector,Shs to Trade,$MM to Trade,ADV to Trade,Comments,Unnamed: 11
SP400,AA US,2024-07-19,2024-08-01,Upweight,34.92,Materials,7397991,258.3,1.58,AA acq AWC AU for 0.02854 CDIs of AA per share of AWC AU held.,
SP600,SNDR US,2024-07-23,2024-07-30,Add,24.45,Industrials,5115943,125.1,6.53,Replaces SLCA in the SP600,
SP600,SLCA US,2024-07-23,2024-07-30,Delete,15.47,Energy,-10797981,-167,-4.5,Acq for $15.50 per share in cash,
SP400,AVTR US,2024-07-23,2024-07-25,Add,21.17,Health Care,74808923,1583.7,10.48,Replaces QDEL in the SP400,
SP400,QDEL US,2024-07-23,2024-07-25,SP400 to SP600,36.94,Health Care,-5466389,-201.9,-5.2,Moved to SP600,
SP600,QDEL US,2024-07-23,2024-07-25,SP400 to SP600,36.94,Health Care,6849092,253,6.51,Moved from SP400,
SP600,HIBB US,2024-07-23,2024-07-25,Delete,87.48,Consumer Discretionary,-1651214,-144.4,-3.14,Acq for $87.50 per share in cash,
SP600,AROC US,2024-07-23,2024-07-24,Upweight,22.04,Energy,1480413,32.6,0.93,Equity Offering,
Russell 2000,HIBB US,2024-07-22,2024-07-24,Delete,87.47,Consumer Discretionary,-1619463,-141.7,-3.1,Acq for $87.50 per share in cash,
Russell 1000,AA US,2024-07-19,2024-07-23,Upweight,34.92,Materials,2647576,92.5,0.57,AA acq AWC AU for 0.02854 CDIs of AA per share of AWC AU held.,
MSCI SC,PLUG US,2024-07-19,2024-07-23,Upweight,2.52,Industrials,1952879,4.9,0.05,Equity Offering,
MSCI SC,AA US,2024-07-18,2024-07-22,Upweight,35.65,Materials,848650,30.3,0.18,AA acq AWC AU for .0285 shares of AA per AWC AU held,
MSCI Std,EQT US,2024-07-17,2024-07-19,Upweight,35.6,Energy,3608923,128.5,0.56,EQT acq ETRN for .3504 shares of EQT per ETRN held,
MSCI SC,ETRN US,2024-07-17,2024-07-19,Delete,12.44,Energy,-6504908,-80.9,-1.3,EQT acq ETRN for .3504 shares of EQT per ETRN held,
MSCI SC,HIBB US,2024-07-17,2024-07-19,Delete,87.39,Consumer Discretionary,-176950,-15.5,-0.37,Acq for $87.5 per share in cash,
SP500,EQT US,2024-07-16,2024-07-19,Upweight,35.88,Energy,26455333,949.2,4.17,EQT acq ETRN for .3504 shares of EQT per ETRN held,
SP400,ETRN US,2024-07-16,2024-07-19,Delete,12.56,Energy,-47761688,-599.9,-10.17,EQT acq ETRN for .3504 shares of EQT per ETRN held,
SP400,ANF US,2024-07-16,2024-07-19,SP600 to SP400,170.08,Consumer Discretionary,5615780,955.1,4.02,Moved from SP600,
SP600,ANF US,2024-07-16,2024-07-19,SP600 to SP400,170.08,Consumer Discretionary,-6663310,-1133.3,-4.77,Moved to SP400,
SP600,GTES US,2024-07-16,2024-07-19,Add,16.97,Industrials,25154971,426.9,9.97,Replaces ANF in the SP600,
Russell 1000,EQT US,2024-07-15,2024-07-19,Upweight,36.83,Energy,5834774,214.9,0.91,EQT acq ETRN for .3504 shares of EQT per ETRN held,
Russell 2000,ETRN US,2024-07-15,2024-07-19,Delete,12.88,Energy,-62054080,-799.3,-13.18,EQT acq ETRN for .3504 shares of EQT per ETRN held,
Nasdaq 100,WBA US,2024-07-12,2024-07-19,Delete,11.7,Consumer Staples,-25234166,-295.2,-1.16,Deleted due to <10bp weight at two consecutive month ends,
Nasdaq 100,SMCI US,2024-07-12,2024-07-19,Add,897.68,Information Technology,1712765,1537.5,0.25,Added to replace WBA,
MSCI SC,SLCA US,2024-07-12,2024-07-16,Delete,15.46,Energy,-1171314,-18.1,-0.57,Acq for $15.5 per share in cash,
Russell 2000,IDYA US,2024-07-10,2024-07-12,Upweight,37.32,Health Care,999973,37.3,0.85,Equity Offering,
MSCI SC,EBC US,2024-07-10,2024-07-12,Upweight,14.38,Financials,-,-,-,EBC acq CATC for 4.956 shares of EBC per CATC held,
MSCI SC,CATC US,2024-07-10,2024-07-12,Delete,71.35,Financials,-,-,-,EBC acq CATC for 4.956 shares of EBC per CATC held,
Russell 2000,EBC US,2024-07-09,2024-07-12,Upweight,13.92,Financials,-,-,-,EBC acq CATC for 4.956 shares of EBC per CATC held,
Russell 2000,CATC US,2024-07-09,2024-07-12,Delete,68.9,Financials,-,-,-,EBC acq CATC for 4.956 shares of EBC per CATC held,
MSCI SC,NWLI US,2024-07-08,2024-07-10,Delete,499.98,Financials,-,-,-,Acq for $500 per share in cash. NWLI has been halted,
Russell 2000,SUNS US,2024-07-05,2024-07-09,Add,0,Real Estate,-,-,-,Spin off from AFCG - has not yet traded when-issued.,
Russell 2000,SUNSV US,2024-07-05,2024-07-09,Add,0,Real Estate,-,-,-,Spin off from AFCG - has not yet traded when-issued.,
SP500,SW US,2024-06-26,2024-07-08,Upweight,49.7,Materials,45456640,2259.2,18.22,"WRK and SKG ID are merging into a newco SW. WRK holders will receive 1 SW $5 per share held, and SKG holders will receive 1 SW. Shares to buy reflect upweight from old SKG shares.",
SP500,WRK US,2024-06-26,2024-07-08,Upweight,49.7,Materials,45456640,2259.2,18.22,"WRK and SKG ID are merging into a newco SW. WRK holders will receive 1 SW $5 per share held, and SKG holders will receive 1 SW. Shares to buy reflect upweight from old SKG shares.",
Russell 1000,SW US,2024-07-01,2024-07-05,Reclassification,49.57,Materials,-,-,-,Reclassification to Smurfit Westrock. No shares to trade,
Russell 1000,CCCS US,2024-07-01,2024-07-05,Upweight,11.1,Information Technology,1104000,12.3,0.21,Equity Offering,
MSCI SC,SVRA US,2024-07-01,2024-07-05,Upweight,4.64,Health Care,339853,1.6,0.14,Equity Offering,
MSCI SC,EVBG US,2024-06-28,2024-07-02,Delete,34.99,Information Technology,-590844,-20.7,-0.86,Acq for $35 per share in cash,
SP600,PTGX US,2024-06-27,2024-07-02,Add,31.88,Health Care,7780892,248.1,11.67,Replaces WIRE in the SP600,
SP600,WIRE US,2024-06-27,2024-07-02,Delete,289.75,Industrials,-2058886,-596.6,-4.52,Acq for $290 per share in cash,
MSCI Std,WRK US,2024-06-27,2024-07-02,Upweight,49.74,Materials,6527371,324.7,2.64,Shares to buy reflect upweight from old SKG shares.,
MSCI SC,SIX US,2024-06-27,2024-07-02,Upweight,56.22,Consumer Discretionary,803537,45.2,0.29,Shares to buy reflect upweight from old FUN units quoted in newco terms.,
Russell 1000,BIRK US,2024-06-27,2024-07-01,Upweight,54.3,Consumer Discretionary,515200,28,0.45,Equity Offering,
MSCI SC,RXRX US,2024-06-27,2024-07-01,Upweight,7.58,Health Care,381371,2.9,0.07,Equity Offering,
SP600,SIX US,2024-06-26,2024-07-01,Upweight,51.05,Consumer Discretionary,6215433,317.3,2.47,"SIX & FUN will merge creating a newco to trade under ticker FUN. SIX holders will receive 0.58 new FUN and $1.53 per share held, and FUN unitholders will receive 1 new FUN per unit held. Shares to buy reflect upweight from old FUN units quoted in newco terms.",
SP600,ADUS US,2024-06-27,2024-06-28,Upweight,114.21,Health Care,202386,23.1,1.57,Secondary Offering,
Russell 2000,CVLY US,2024-06-26,2024-06-28,Delete,22.42,Financials,-6136,-0.1,-0.14,CVLY acq by ORRF for stock. Slight shares to trade due to implementation concurrent with Russell Recon,
Russell 2000,ORRF US,2024-06-26,2024-06-28,Upweight,25.74,Financials,-,-,-,CVLY acq by ORRF for stock. Slight shares to trade due to implementation concurrent with Russell Recon,
Russell 2000,CVLY US,2024-06-26,2024-06-28,Delete,22.22,Financials,-6136,-0.1,-0.15,CVLY acq by ORRF for stock. Slight shares to trade due to implementation concurrent with Russell Recon,
Russell 2000,ORRF US,2024-06-26,2024-06-28,Upweight,25.47,Financials,-,-,-,CVLY acq by ORRF for stock. Slight shares to trade due to implementation concurrent with Russell Recon,
SP500,INCY US,2024-06-21,2024-06-28,Downweight,63.22,Health Care,-2314818,-146.3,-0.48,Dutch buy back offer implemented following S&P Freeze Period,
SP400,COKE US,2024-06-21,2024-06-28,Upweight,995.31,Consumer Staples,-3631,-3.6,-0.06,Dutch buy back offer implemented following S&P Freeze Period,
MSCI SC,AIRC US,2024-06-25,2024-06-27,Delete,39.09,Real Estate,-2176563,-85.1,-0.67,Acq for $39.12 per share in cash,
Russell 1000,AIRC US,2024-06-21,2024-06-27,Delete,38.99,Real Estate,-5384870,-210,-1.7,Acq for $39.12 per share in cash,
SP400,AIRC US,2024-06-20,2024-06-27,Delete,38.96,Real Estate,-16004971,-623.6,-5.13,Acq for $39.12 per share in cash,
SP400,RYAN US,2024-06-20,2024-06-27,Add,55.36,Financials,11252459,622.9,19.32,Replaces AIRC in the SP400,
Russell 2000,HRT US,2024-06-24,2024-06-27,Delete,14.36,Industrials,-1923085,-27.6,-14.34,Acq for $14.35 per share in cash,
MSCI SC,MODN US,2024-06-24,2024-06-26,Delete,29.98,Information Technology,-561778,-16.8,-0.81,Acq for $30 per share in cash,
MSCI SC,WIRE US,2024-06-24,2024-06-26,Delete,289.58,Industrials,-236834,-68.6,-0.58,Acq for $290 per share in cash,
MSCI SC,TRDA US,2024-06-24,2024-06-26,Upweight,14.24,Health Care,47928,0.7,0.58,Private Placement,
Russell 2000,MODN US,2024-06-20,2024-06-26,Delete,29.95,Information Technology,-5335562,-159.8,-8.12,Acq for $30 per share in cash,
SP400,GRALV US,2024-06-20,2024-06-25,Delete,20.32,Health Care,-2928465,-59.5,,Spin-off child company will not remain in S&P 1500,
MSCI Std,GRALV US,2024-06-20,2024-06-25,MSCI Std to SC,20.32,Health Care,-698684,-14.2,,Spin off from ILMN demoted from MSCI Std to MSCI SC,
MSCI SC,GRALV US,2024-06-20,2024-06-25,MSCI Std to SC,20.32,Health Care,419211,8.5,,Spin off from ILMN demoted from MSCI Std to MSCI SC,
SP400,GRALV US,2024-06-20,2024-06-24,Add,20.32,Health Care,-,-,-,Spin off from ILMN. ILMN shareholders will receive 1 GRAL per 6 ILMN held,
Russell 1000,GRALV US,2024-06-18,2024-06-24,Add,16.04,Health Care,-,-,-,Spin off from ILMN. ILMN shareholders will receive 1 GRAL per 6 ILMN held,
Russell 2000,TARO US,2024-06-18,2024-06-21,Delete,42.81,Health Care,-1177322,-50.4,-44.35,Acq for $43 per share in cash,
MSCI SC,HRT US,2024-06-18,2024-06-21,Delete,14.34,Industrials,-252574,-3.6,-2.02,Acq for $14.35 per share in cash,
Nasdaq 100,ARM US,2024-06-13,2024-06-21,Add,158.05,Information Technology,3106042,490.9,0.3,Added to replace SIRI in the Nasdaq 100,
Nasdaq 100,SIRI US,2024-06-13,2024-06-21,Delete,2.54,Communication Services,-100971706,-256.5,-4.32,Dropped from Nasdaq 100 for being below 10bps for two consecutive month ends,
MSCI SC,IRON US,2024-06-17,2024-06-20,Upweight,44.86,Health Care,40788,1.8,0.11,Equity Offering,
Russell 2000,RNA US,2024-06-14,2024-06-20,Upweight,39.64,Health Care,1516278,60.1,1,Equity Offering,
Russell 1000,RARE US,2024-06-14,2024-06-20,Upweight,39.05,Health Care,316615,12.4,0.36,Equity Offering,
MSCI SC,RNA US,2024-06-14,2024-06-18,Upweight,39.64,Health Care,118688,4.7,0.08,Equity Offering,
MSCI SC,BROS US,2024-06-13,2024-06-17,Upweight,38.43,Consumer Discretionary,587618,22.6,0.17,Equity Offering,
MSCI SC,SNPO US,2024-06-12,2024-06-14,Delete,10.74,Consumer Discretionary,-287010,-3.1,-0.5,Acq for $10.75 per share in cash,
Russell 2000,SNPO US,2024-06-11,2024-06-14,Delete,10.74,Consumer Discretionary,-2633613,-28.3,-4.52,Acq for $10.75 per share in cash,
MSCI Std,INCY US,2024-06-11,2024-06-13,Downweight,59.48,Health Care,-838658,-49.9,-0.21,Dutch Auction Buyback,
MSCI SC,DCPH US,2024-06-10,2024-06-12,Delete,25.59,Health Care,-545400,-14,-0.16,Acq for $25.60 per share in cash. DCPH has been halted,
Russell 2000,DNMR_x US,2024-06-07,2024-06-11,Delete,0,Materials,-4211480,-,-,Delete,
MSCI Std,MNST US,2024-06-07,2024-06-11,Downweight,52.69,Consumer Staples,-1061321,-55.9,-0.09,Dutch buyback,
MSCI SC,DX US,2024-06-07,2024-06-11,Upweight,11.69,Financials,242451,2.8,0.19,Equity Offering,
SP500,MNST US,2024-06-06,2024-06-07,Downweight,52.45,Consumer Staples,-5126220,-268.9,-0.46,Dutch buyback offer,
Russell 1000,CRBG US,2024-05-31,2024-06-04,Upweight,29.17,Financials,1104000,32.2,0.22,Equity Offering,
Russell 2000,CHRD US,2024-05-31,2024-06-04,Upweight,185.41,Energy,2978248,552.2,2.92,Acq ERF CN for cash and stock,
MSCI SC,HESM US,2024-05-31,2024-06-04,Upweight,34.75,Energy,150000,5.2,0.15,Equity Offering,
Russell 2000,INSM US,2024-05-30,2024-06-03,Upweight,56.98,Health Care,1684503,96,0.43,Equity Offering,
MSCI SC,MRUS US,2024-05-30,2024-06-03,Upweight,57.3,Health Care,111966,6.4,0.1,Equity Offering,
SP400,SWAV US,2024-05-29,2024-05-31,Delete,334.83,Health Care,-4054980,-1357.7,-4.63,Acq for $335 per share in cash,
SP400,SRPT US,2024-05-29,2024-05-31,Add,116.25,Health Care,10288299,1196,9,Replaces SWAV in the SP400,
Russell 1000,CCCS US,2024-05-29,2024-05-31,Upweight,11.45,Information Technology,1840000,21.1,0.5,Equity Offering,
MSCI Std,CHRD US,2024-05-29,2024-05-31,Add,179.4,Energy,1863707,334.3,2.69,Add following size review upon acquisition of ERF CN,
MSCI SC,CHRD US,2024-05-29,2024-05-31,Delete,179.4,Energy,-619176,-111.1,-0.89,Drop following size review upon acquisition of ERF CN,
SP400,CHRD US,2024-05-28,2024-05-30,Upweight,183.07,Energy,2251736,412.2,3.43,CHRD acq ERF for $1.84 and 0.10125 shares of CHRD per ERF held.,
Russell 1000,SWAV US,2024-05-28,2024-05-30,Delete,334.55,Health Care,-1613494,-539.8,-1.86,Acq for $335 per share in cash,
Russell 2000,DYN US,2024-05-28,2024-05-30,Upweight,30.01,Health Care,1252464,37.6,0.96,Equity Offering,
MSCI SC,INBX US,2024-05-24,2024-05-29,Delete,34.14,Health Care,-319212,-10.9,-0.62,Acquired for $30 cash + 1 nontransferable CVR. Concurrently spinning off INXB,
MSCI SC,FUSN US,2024-05-24,2024-05-29,Delete,21.48,Health Care,-651653,-14,-1.43,Acq for $21 cash + 1 nontransferable CVR,
Russell 2000,CYTK US,2024-05-24,2024-05-29,Upweight,48.3,Health Care,1323837,63.9,0.68,Secondary Offering,
Russell 2000,INBX US,2024-05-23,2024-05-29,Delete,34.19,Health Care,-4812072,-164.5,-9.76,Acquired for $30 cash + 1 nontransferable CVR. Concurrently spinning off INXB,
Russell 2000,INXB US,2024-05-23,2024-05-29,Add,,Health Care,-,-,-,Spin off from INBX at 1 INXB per 4 INBX held. Has not yet traded when-issued,
Russell 2000,INXBV US,2024-05-23,2024-05-29,Add,,Health Care,-,-,-,Spin off from INBX at 1 INXB per 4 INBX held. Has not yet traded when-issued,
Russell 1000,GFS US,2024-05-23,2024-05-28,Upweight,50.49,Information Technology,519211,26.2,0.29,Secondary Offering,
Russell 2000,CWK US,2024-05-22,2024-05-28,Upweight,10.72,Real Estate,3860293,41.4,1.61,,
SP400,CYTK US,2024-05-23,2024-05-24,Upweight,48.98,Health Care,1079616,52.9,0.61,Secondary Offering,
SP600,CWK US,2024-05-23,2024-05-24,Upweight,10.4,Real Estate,3768764,39.2,1.53,Secondary Offering,
Russell 1000,GTES US,2024-05-16,2024-05-20,Upweight,17.4,Industrials,644000,11.2,0.26,Equity Offering,
SP400,CIVI US,2024-05-16,2024-05-17,Upweight,73.96,Energy,776655,57.4,0.58,Equity Offering,
Russell 1000,KVUE US,2024-05-15,2024-05-17,Upweight,20.54,Consumer Staples,7191817,147.7,0.37,Equity Offering,
MSCI Std,KVUE US,2024-05-15,2024-05-17,Upweight,20.54,Consumer Staples,4777157,98.1,0.24,Equity Offering,
MSCI SC,VSEC US,2024-05-15,2024-05-17,Upweight,76.56,Industrials,41500,3.2,0.31,Equity Offering,
MSCI SC,ALPN US,2024-05-15,2024-05-17,Delete,64.97,Health Care,-482962,-31.4,-0.14,Acq for $65 per share in cash,
MSCI SC,DOOR US,2024-05-15,2024-05-17,Delete,132.84,Industrials,-,-,-,Acq for $133 per share in cash. Deal has closed,
MSCI SC,SP US,2024-05-15,2024-05-17,Delete,53.99,Industrials,-,-,-,Acq for $54 per share in cash. SP has been halted,
SP500,KVUE US,2024-05-15,2024-05-16,Upweight,20.54,Consumer Staples,33308725,684.2,1.71,Equity Offering,
MSCI SC,PFS US,2024-05-14,2024-05-16,Upweight,15.95,Financials,-,-,-,PFS acq LBAI for 0.8319 shares of PFS per LBAI held,
MSCI SC,LBAI US,2024-05-14,2024-05-16,Delete,13.28,Financials,-,-,-,PFS acq LBAI for 0.8319 shares of PFS per LBAI held,
MSCI SC,ALLO US,2024-05-14,2024-05-16,Upweight,2.96,Health Care,551539,1.6,0.28,Equity Offering,
SP600,PFS US,2024-05-14,2024-05-16,Upweight,15.95,Financials,7476407,119.2,8.77,PFS acq LBAI for 0.8319 shares of PFS per LBAI held,
Russell 2000,SP US,2024-05-14,2024-05-15,Delete,53.97,Industrials,-2704313,-146,-10.08,Acq for $54 per share in cash,
Russell 2000,PFS US,2024-05-14,2024-05-15,Upweight,15.95,Financials,-,-,-,PFS acq LBAI for 0.8319 shares of PFS per LBAI held,
Russell 2000,LBAI US,2024-05-14,2024-05-15,Delete,13.28,Financials,-,-,-,PFS acq LBAI for 0.8319 shares of PFS per LBAI held,
Russell 2000,PR US,2024-05-13,2024-05-15,Upweight,16.76,Energy,7500026,125.7,0.89,Equity Offering,
Russell 2000,TAST US,2024-05-09,2024-05-15,Delete,9.54,Consumer Discretionary,-5050282,-48.2,-9.72,Acq by QSR CN for $9.55 per share in cash,
SP400,PR US,2024-05-13,2024-05-14,Upweight,16.76,Energy,5705718,95.6,0.68,Equity Offering,
Russell 2000,MACK US,2024-05-10,2024-05-14,Delete,15.12,Health Care,-1446314,-21.9,-9.59,Liquidation,
MSCI SC,MAX US,2024-05-10,2024-05-14,Upweight,19.92,Communication Services,171190,3.4,0.28,Equity Offering,
Russell 1000,DLR US,2024-05-08,2024-05-10,Upweight,140.25,Real Estate,384891,54,0.21,Equity Offering,
SP500,DLR US,2024-05-08,2024-05-09,Upweight,140.25,Real Estate,3496704,490.4,1.91,Equity Offering,
Russell 2000,DNMR.,2024-05-07,2024-05-09,Add,0,Health Care,-,-,-,"Distribution of warrants from DNMR. Since ineligible security type & exchange, will be deleted once warrants commence trading",
MSCI SC,SKWD US,2024-05-07,2024-05-09,Upweight,37.61,Financials,89612,3.4,0.22,Equity Offering,
SP500,XOM US,2024-05-03,2024-05-07,Upweight,116,Energy,-,-,-,XOM acq PXD for 2.3234 shares of XOM per PXD share held. Deal has closed,
SP500,PXD US,2024-05-03,2024-05-07,Delete,269.62,Energy,-,-,-,XOM acq PXD for 2.3234 shares of XOM per PXD share held. Deal has closed,
SP500,VST US,2024-05-03,2024-05-07,SP400 to SP500,81.49,Utilities,58582035,4773.9,10.13,Replaces PXD in the SP500,
SP400,VST US,2024-05-03,2024-05-07,SP400 to SP500,81.49,Utilities,-36937267,-3010,-6.39,Moved to SP500,
S&P Completion,VST US,2024-05-03,2024-05-07,Delete,81.49,Utilities,-10082966,-821.7,-1.74,Removed from S&P Completion by way of inclusion in SP500,
SP400,AAON US,2024-05-03,2024-05-07,Add,78.4,Industrials,7410925,581,14.23,Moved from SP600,
SP600,AAON US,2024-05-03,2024-05-07,Delete,78.4,Industrials,-8793309,-689.4,-16.88,Moved to SP400,
SP600,MARA US,2024-05-03,2024-05-07,Add,17.52,Information Technology,29030300,508.6,0.67,Replaces AAON in the SP600,
MSCI Std,XOM US,2024-05-02,2024-05-06,Upweight,116.24,Energy,-,-,-,Acq PXD for stock 2.3234/per share,
MSCI Std,PXD US,2024-05-02,2024-05-06,Delete,269.62,Energy,-,-,-,Acq by XOM for 2.3234/per share,
MSCI SC,AGTI US,2024-05-02,2024-05-06,Delete,10.06,Health Care,-606800,-6.1,-0.36,Acq for $10 per share in cash,
SP600,DOCN US,2024-04-30,2024-05-06,Add,34.24,Information Technology,6795304,232.7,7.14,Replaces AGTI in the SP600,
SP600,AGTI US,2024-04-30,2024-05-06,Delete,10.15,Health Care,-4845215,-49.2,-3.53,Acq for $10 per share in cash,
Russell 2000,AGTI US,2024-04-30,2024-05-06,Delete,10.15,Health Care,-4117234,-41.8,-3,Acq for $10 per share in cash,
Russell 1000,XOM US,2024-05-02,2024-05-03,Upweight,116.24,Energy,-,-,-,Acq PXD for stock 2.3234/per share,
Russell 1000,PXD US,2024-04-30,2024-05-03,Delete,269.62,Energy,-,-,-,Acq by XOM for 2.3234/per share,
SP600,AEL US,2024-05-01,2024-05-03,Delete,56.16,Financials,-8306403,-466.5,-10.72,Acq by BNRE CN/BAM US for cash and stock,
SP600,IAC US,2024-05-01,2024-05-03,Add,47.85,Communication Services,9408854,450.2,17.83,Replaces AEL in SP600,
Russell 2000,VAXX US,2024-04-30,2024-05-02,Delete,0.12,Health Care,-5887377,-0.7,-5.17,Drop delisted,
Russell 2000,AEL US,2024-04-30,2024-05-02,Delete,56.11,Financials,-11327680,-635.6,-16.78,Acq by BNRE CN/BAM US for cash and stock,
MSCI SC,AEL US,2024-04-30,2024-05-02,Delete,56.11,Financials,-948298,-53.2,-1.4,Acq by BNRE CN/BAM US for cash and stock,
Russell 2000,BHRB US,2024-04-26,2024-05-02,Upweight,54.67,Financials,-,-,-,BHRB acq SMMF for .5043 BMRB per SMMF held,
Russell 2000,SMMF US,2024-04-26,2024-05-02,Delete,27.45,Financials,-,-,-,BHRB acq SMMF for .5043 BMRB per SMMF held,
MSCI SC,FULT US,2024-04-29,2024-05-01,Upweight,16.8,Financials,219782,3.7,0.16,Secondary Offering,
SP600,FULT US,2024-04-29,2024-04-30,Upweight,16.8,Financials,2303379,38.7,1.68,Secondary Offering,
Russell 2000,AZZ US,2024-04-26,2024-04-30,Upweight,71.49,Industrials,574101,41,1.92,Secondary Offering,
MSCI SC,AZZ US,2024-04-26,2024-04-30,Upweight,71.49,Industrials,38192,2.7,0.13,Secondary Offering,
SP600,AZZ US,2024-04-26,2024-04-29,Upweight,71.49,Industrials,521600,37.3,1.75,Secondary Offering,
MSCI SC,CGEM US,2024-04-19,2024-04-23,Upweight,15.66,Health Care,204776,3.2,0.38,Private Placement,
SP600,CNS US,2024-04-18,2024-04-22,Add,66.11,Financials,3433664,227,23.38,Replaces KAMN in the SP600,
SP600,KAMN US,2024-04-18,2024-04-22,Delete,45.99,Industrials,-,-,-,Acq for $46 per share in cash. Deal has closed,
Russell 2000,ITCI US,2024-04-18,2024-04-22,Upweight,72,Health Care,924255,66.5,0.89,Equity Offering,
MSCI SC,KAMN US,2024-04-18,2024-04-22,Delete,45.99,Industrials,-,-,-,Acq for $46 per share in cash. Deal has closed,
Russell 2000,MDC US,2024-04-17,2024-04-18,Delete,62.95,Consumer Discretionary,-8641214,-544,-4.18,Acq for $63 per share in cash. Exp LDOT 4/18,
SP400,DUOL US,2024-04-17,2024-04-19,Add,194.66,Consumer Discretionary,3934200,765.8,7.98,Replaces CABO in the SP400,
SP400,CABO US,2024-04-17,2024-04-19,SP400 to SP600,393.6,Communication Services,-501840,-197.5,-5.02,Moved to SP600,
SP600,CABO US,2024-04-17,2024-04-19,SP400 to SP600,393.6,Communication Services,628778,247.5,6.3,Moved from SP400,
SP600,MDC US,2024-04-17,2024-04-19,Delete,62.95,Consumer Discretionary,-8254520,-519.6,-3.99,Acq for $63 per share in cash. Exp LDOT 4/18,
SP400,SNX US,2024-04-05,2024-04-08,Upweight,117.72,Information Technology,47.2,,0.34,Secondary offering,
MSCI SC,EGLE US,2024-04-04,2024-04-08,Delete,62.37,Industrials,-104287,-6.5,-0.55,Acq by SBLK for 2.6211 SBLK per EGLE held,
Russell 2000,EGLE US,2024-04-02,2024-04-08,Delete,61.87,Industrials,-1332822,-82.5,-8.26,Acq by SBLK for 2.6211 SBLK per EGLE held,
MSCI SC,CNNE US,2024-04-02,2024-04-04,Downweight,22.44,Financials,-159853,-3.6,-0.16,Buyback,
MSCI SC,SNX US,2024-04-01,2024-04-03,Upweight,112.74,Information Technology,233784,26.4,0.29,Equity Offering,
SP500,XRAY US,2024-03-27,2024-04-02,SP500 to SP400,33.31,Health Care,-36884826,-1228.6,-13.83,Moved to SP400,
SP400,XRAY US,2024-03-27,2024-04-02,SP500 to SP400,33.31,Health Care,23368158,778.4,8.76,Moved from SP500,
S&P Completion,XRAY US,2024-03-27,2024-04-02,Add,33.31,Health Care,6355800,211.7,2.38,Added by way of removal from SP500,
SP500,VFC US,2024-03-27,2024-04-02,SP500 to SP600,15.09,Consumer Discretionary,-57538936,-868.3,-6.83,Moved to SP600,
SP600,VFC US,2024-03-27,2024-04-02,SP500 to SP600,15.09,Consumer Discretionary,45674216,689.2,5.42,Moved from SP500,
S&P Completion,VFC US,2024-03-27,2024-04-02,Add,15.09,Consumer Discretionary,9914808,149.6,1.18,Added by way of removal from SP500,
SP400,FOXF US,2024-03-27,2024-04-02,SP400 to SP600,50.19,Consumer Discretionary,-4668182,-234.3,-7.29,Moved to SP600,
SP600,FOXF US,2024-03-27,2024-04-02,SP400 to SP600,50.19,Consumer Discretionary,5731437,287.7,8.95,Moved from SP400,
SP600,SSP US,2024-03-27,2024-04-02,Delete,3.96,Communication Services,-8136840,-32.2,-8.07,Discretionary Removal,
SP600,MODV US,2024-03-27,2024-04-02,Delete,24.91,Health Care,-1705760,-42.5,-5.87,Discretionary Removal,
MSCI Std,GEV-W US,2024-03-27,2024-04-02,Add,131.25,Energy,-,-,-,Spin-off from GE. GE shareholders will receive 0.25 GEV per GE held.,
MSCI Std,SOLV-W US,2024-03-26,2024-04-01,Add,80,Health Care,-,-,-,Spin-off from MMM. MMM shareholders will receive 0.25 SOLV per MMM held.,
SP500,GEV-W US,2024-03-27,2024-04-01,Add,131.25,Energy,-,-,-,Spin-off from GE. GE shareholders will receive 0.25 GEV per GE held.,
Russell 1000,GEV-W US,2024-03-27,2024-04-01,Add,131.25,Energy,-,-,-,Spin-off from GE. GE shareholders will receive 0.25 GEV per GE held.,
Russell 2000,TRNO US,2024-03-27,2024-04-01,Upweight,65.33,Real Estate,782891,51.1,0.97,Equity Offering,
Russell 2000,DSKE US,2024-03-27,2024-04-01,Delete,8.29,Industrials,-6308852,-52.3,-12.48,Acq for $8.30 per share in cash,
SP500,SOLV-W US,2024-03-27,2024-03-28,Add,75,Health Care,-,-,-,Spin-off from MMM. MMM shareholders will receive 0.25 SOLV per MMM held.,
SP400,ROIV US,2024-03-26,2024-03-28,Add,10.08,Health Care,37158708,374.6,7.2,Replaces RUN in the SP400,
SP400,RUN US,2024-03-26,2024-03-28,SP400 to SP600,11.28,Industrials,-24032054,-271.1,-1.63,Moved to SP600,
SP600,RUN US,2024-03-26,2024-03-28,SP400 to SP600,11.28,Industrials,30110878,339.7,2.04,Moved from SP400,
SP600,PGTI US,2024-03-26,2024-03-28,Delete,41.99,Industrials,-7439190,-312.4,-6.37,Acq for $42 per share in cash,
Russell 1000,SOLV-W US,2024-03-26,2024-03-28,Add,80,Health Care,-,-,-,Spin-off from MMM. MMM shareholders will receive 0.25 SOLV per MMM held.,
MSCI Std,APA US,2024-03-26,2024-03-28,Upweight,32.88,Energy,1732492,57,0.23,APA acq CPE for 1.0425 APA shares per CPE held.,
MSCI SC,CPE US,2024-03-26,2024-03-28,Delete,34.26,Energy,-797694,-27.3,-0.71,APA acq CPE for 1.0425 APA shares per CPE held.,
SP500,APA US,2024-03-25,2024-03-28,Upweight,34.59,Energy,10131977,350.5,1.4,APA acq CPE for 1.0425 APA shares per CPE held.,
SP400,APPF US,2024-03-25,2024-03-28,Add,226.49,Information Technology,2247009,508.9,10.64,Replaces NARI in the SP400,
SP400,NARI US,2024-03-25,2024-03-28,SP400 to SP600,42.39,Health Care,-5641751,-239.2,-4.6,Moved to SP600,
SP600,NARI US,2024-03-25,2024-03-28,SP400 to SP600,42.39,Health Care,6855575,290.6,5.59,Moved from SP400,
SP600,CPE US,2024-03-25,2024-03-28,Delete,36.05,Energy,-7108039,-256.2,-6.64,APA acq CPE for 1.0425 APA shares per CPE held.,
Russell 1000,APA US,2024-03-25,2024-03-28,Upweight,34.59,Energy,2268947,78.5,0.31,APA acq CPE for 1.0425 APA shares per CPE held.,
Russell 2000,CPE US,2024-03-25,2024-03-28,Delete,36.05,Energy,-8607872,-310.3,-8.05,APA acq CPE for 1.0425 APA shares per CPE held.,
Russell 2000,PGTI US,2024-03-25,2024-03-27,Delete,41.96,Industrials,-7841501,-329,-7.1,Acq for $42 per share in cash,
MSCI SC,BROS US,2024-03-22,2024-03-26,Upweight,33.57,Consumer Discretionary,166908,5.6,0.06,Secondary Offering,
Russell 1000,NDAQ US,2024-03-20,2024-03-22,Upweight,60.88,Financials,991981,60.4,0.3,Secondary offering,
Russell 2000,SMCI US,2024-03-20,2024-03-22,Upweight,896.47,Information Technology,243078,217.9,0.02,Secondary offering,564
MSCI SC,ELVN US,2024-03-20,2024-03-22,Upweight,19.21,Health Care,63103,1.2,0.42,Private Placement,662
SP500,CMI US,2024-03-15,2024-03-22,Downweight,274.84,Industrials,-960510,-264,-0.22,Split off exchange offer for ATMU - S&P Freeze Period*,923
SP500,GEHC US,2024-03-15,2024-03-22,Upweight,89.41,Health Care,3171106,283.5,0.7,Equity Offering - S&P Freeze Period,
SP400,PR US,2024-03-15,2024-03-22,Upweight,16.48,Energy,5193018,85.6,0.47,Equity Offering - S&P Freeze Period,
SP600,RDNT US,2024-03-15,2024-03-22,Upweight,44.45,Health Care,622523,27.7,1.01,Equity Offering - S&P Freeze Period,
SP500,NDAQ US,2024-03-20,2024-03-21,Upweight,60.88,Financials,6892896,419.6,2.08,Secondary offering,903
SP500,SMCI US,2024-03-20,2024-03-21,Upweight,896.47,Information Technology,294792,264.3,0.02,Secondary offering,38
Russell 2000,GRPH US,2024-03-20,2024-03-21,Downweight,3.27,Health Care,-,-,-,Consolidation concurrent with acquisition. Will trade under ticker LENZ,-
MSCI SC,CBAY US,2024-03-19,2024-03-21,Delete,32.48,Health Care,-1275788,-41.4,-0.2,Acq for $32.50 per share in cash,
MSCI Std,SPLK US,2024-03-15,2024-03-19,Delete,156.9,Information Technology,-,-,-,Acq for $157 per share in cash. SPLK has been halted,
Russell 1000,CMI US,2024-03-14,2024-03-18,Downweight,263.58,Industrials,-205160,-54.1,-0.05,Split off exchange offer for ATMU,
Russell 2000,ATMU US,2024-03-14,2024-03-18,Upweight,26.4,Consumer Discretionary,9518962,251.3,2.6,Split off exchange offer with CMI,
Russell 2000,KNTK US,2024-03-14,2024-03-18,Upweight,35.88,Energy,1646621,59.1,3.23,Equity Offering,
MSCI SC,KNTK US,2024-03-14,2024-03-18,Upweight,35.88,Energy,151315,5.4,0.3,Equity Offering,
MSCI SC,REVG US,2024-03-14,2024-03-18,Upweight,18.58,Industrials,154517,2.9,0.14,Equity Offering,
MSCI SC,ICHR US,2024-03-14,2024-03-18,Upweight,36.9,Information Technology,50000,1.8,0.14,Equity Offering,
MSCI SC,KRTX US,2024-03-14,2024-03-18,Delete,329.74,Health Care,-483143,-159.3,-0.91,Acq for $330 per share in cash,
MSCI SC,PGTI US,2024-03-14,2024-03-18,Delete,41.88,Industrials,-855407,-35.8,-0.98,Acq for $42 per share in cash,
Russell 1000,KRTX US,2024-03-14,2024-03-15,Delete,329.74,Health Care,-1552812,-512,-2.92,Acq for $330 per share in cash,
MSCI SC,NYCB US,2024-03-13,2024-03-15,Downweight,3.75,Financials,-49214,-0.2,-,Private Placement,
Russell 1000,AYX US,2024-03-12,2024-03-15,Delete,48.23,Information Technology,-2724525,-131.4,-1.58,Acq for $48.25 per share in cash. 3/15 est LDOT,
Russell 1000,ADT US,2024-03-07,2024-03-15,Upweight,6.71,Consumer Discretionary,1674658,11.2,0.34,Equity Offering,
MSCI SC,FWRG US,2024-03-12,2024-03-14,Upweight,24.58,Consumer Discretionary,89726,2.2,0.18,Equity Offering,
MSCI SC,SOVO US,2024-03-12,2024-03-14,Delete,22.98,Consumer Staples,-,-,-,Acq for $23 per share in cash. Deal has closed,
MSCI SC,AYX US,2024-03-11,2024-03-13,Delete,48.23,Information Technology,-917378,-44.2,-0.55,Acq for $48.25 per share in cash,
Russell 2000,TGH US,2024-03-06,2024-03-13,Delete,49.91,Industrials,-5822981,-290.6,-7.2,Acq for $50 per share in cash,
MSCI SC,CWAN US,2024-03-08,2024-03-12,Upweight,16.93,Information Technology,378474,6.4,0.32,Equity Offering,
MSCI SC,APGE US,2024-03-08,2024-03-12,Upweight,67.54,Health Care,118316,8,0.16,Equity Offering,
MSCI SC,VNOM US,2024-03-07,2024-03-11,Upweight,35,Energy,165203,5.8,0.16,Equity Offering,
MSCI SC,INTA US,2024-03-07,2024-03-11,Upweight,35.92,Information Technology,186961,6.7,0.3,Equity Offering,
MSCI SC,RGNX US,2024-03-07,2024-03-11,Upweight,23.23,Health Care,91201,2.1,0.1,Equity Offering,
MSCI SC,CRGY US,2024-03-07,2024-03-11,Upweight,10.64,Energy,202500,2.2,0.18,Equity Offering,
Russell 2000,SOVO US,2024-03-06,2024-03-11,Delete,22.89,Consumer Staples,-7638656,-174.8,-3.57,Acq for $23 per share in cash,
Russell 2000,AKRO US,2024-03-06,2024-03-08,Upweight,30,Health Care,1409852,42.3,0.9,Equity Offering,
Russell 2000,INTA US,2024-03-06,2024-03-08,Upweight,35.81,Information Technology,977900,35,1.62,Equity Offering,
MSCI SC,AKRO US,2024-03-06,2024-03-08,Upweight,30,Health Care,132000,4,0.08,Equity Offering,
MSCI SC,PTLO US,2024-03-06,2024-03-08,Upweight,13.95,Consumer Discretionary,123264,1.7,0.14,Equity Offering,
MSCI Std,APP US,2024-03-05,2024-03-07,Upweight,60.96,Information Technology,511976,31.2,0.1,Equity Offering,
Russell 2000,PR US,2024-03-04,2024-03-06,Upweight,15.57,Energy,6367598,99.1,0.64,Equity Offering,
MSCI SC,RVNC US,2024-03-04,2024-03-06,Upweight,6.07,Health Care,293860,1.8,0.16,Equity Offering,
Russell 1000,CCCS US,2024-03-01,2024-03-05,Upweight,11.66,Information Technology,1582400,18.5,0.63,Equity Offering,
Russell 2000,CLDX US,2024-03-01,2024-03-05,Upweight,51.88,Health Care,1193397,61.9,1.24,Equity Offering,
MSCI Std,KDP US,2024-03-01,2024-03-05,Upweight,29.28,Consumer Staples,1047920,30.7,0.1,Equity Offering,
MSCI SC,CLDX US,2024-03-01,2024-03-05,Upweight,51.88,Health Care,131375,6.8,0.14,Equity Offering,
SP500,KDP US,2024-03-01,2024-03-04,Upweight,29.28,Consumer Staples,6040077,176.9,0.55,Equity Offering,
Russell 1000,SHC US,2024-02-29,2024-03-04,Upweight,15.01,Health Care,1057085,15.9,0.82,Equity Offering,
Russell 2000,VKTX US,2024-02-29,2024-03-04,Upweight,77.05,Health Care,863067,66.5,0.12,Equity Offering,
MSCI SC,PWP US,2024-02-29,2024-03-04,Upweight,13.66,Financials,70953,1,0.23,Equity Offering,
MSCI SC,RNA US,2024-02-29,2024-03-04,Upweight,18.3,Health Care,291415,5.3,0.29,Private Placement,
SP400,SHC US,2024-02-29,2024-03-01,Upweight,15.01,Health Care,2795355,42,2.16,Equity Offering,
SP600,MDRX US,2024-02-28,2024-03-01,Delete,6.81,Health Care,-15099732,-102.8,-3.01,MDRX has been delisted from Nasdaq,
SP600,CXM US,2024-02-28,2024-03-01,Add,12.57,Information Technology,14740780,185.3,10.3,Replaces MDRX in the SP600,
MSCI SC,BROS US,2024-02-28,2024-03-01,Upweight,28.7,Consumer Discretionary,101596,2.9,0.06,Equity Offering,
MSCI SC,CRNX US,2024-02-28,2024-03-01,Upweight,42.76,Health Care,156559,6.7,0.24,Private Placement,
SP600,WAFD US,2024-02-27,2024-02-29,Upweight,27.29,Financials,441230,12,1.47,Acq LBC for 0.3353 WAFD per LBC held.,
Russell 1000,TPG US,2024-02-27,2024-02-29,Upweight,44.19,Financials,291370,12.9,0.31,Equity Offering,
Russell 2000,WAFD US,2024-02-27,2024-02-29,Upweight,27.29,Financials,-,-,-,Acq LBC for 0.3353 WAFD per LBC held.,
Russell 2000,LBC US,2024-02-27,2024-02-29,Delete,9.13,Financials,-,-,-,Acq LBC for 0.3353 WAFD per LBC held.,
SP500,PEAK US,2024-02-26,2024-02-29,Upweight,16.18,Real Estate,27984875,452.8,4.3,"PEAK acq DOC for 0.674 PEAK per DOC held. exp. LDOT 2/29. Post completion, PEAK will change ticker and trade under DOC.",
SP400,DOC US,2024-02-26,2024-02-29,Delete,10.91,Real Estate,-26305116,-287,-9.21,"PEAK acq DOC for 0.674 PEAK per DOC held. exp. LDOT 2/29. Post completion, PEAK will change ticker and trade under DOC.",
SP400,AMH US,2024-02-26,2024-02-29,Add,35.58,Real Estate,35004636,1245.5,12.08,Replaces DOC in the SP400,
Russell 2000,DOC US,2024-02-23,2024-02-29,Delete,11.22,Real Estate,-34293459,-384.8,-12.02,PEAK acq DOC for 0.674 shares of PEAK per DOC held,
Russell 1000,PEAK US,2024-02-23,2024-02-29,Upweight,16.63,Real Estate,5841926,97.2,0.89,PEAK acq DOC for 0.674 shares of PEAK per DOC held,
Russell 2000,KTOS US,2024-02-23,2024-02-27,Upweight,18.05,Industrials,2374008,42.9,1.75,Equity Offering,
Russell 2000,ROVR US,2024-02-23,2024-02-26,Delete,10.99,Consumer Discretionary,-12629020,-138.8,-7.14,Acq for $11 per share in cash,
MSCI SC,ROVR US,2024-02-20,2024-02-22,Delete,10.98,Consumer Discretionary,-1500507,-16.5,-0.85,Acq for $11 per share in cash,
Russell 1000,GEHC US,2024-02-16,2024-02-21,Upweight,86.02,Health Care,486106,41.8,0.14,Equity Offering,
MSCI Std,PEAK US,2024-02-16,2024-02-21,Upweight,17.16,Real Estate,4022910,69,0.65,PEAK acq DOC for 0.674 shares of PEAK per DOC held,
MSCI SC,DOC US,2024-02-16,2024-02-21,Delete,11.58,Real Estate,-3576816,-41.4,-1.42,PEAK acq DOC for 0.674 shares of PEAK per DOC held,
SP500,GEHC US,2024-02-16,2024-02-20,Upweight,86.02,Health Care,2395398,206.1,0.71,Equity Offering,
MSCI SC,REVG US,2024-02-15,2024-02-20,Upweight,18.26,Industrials,173252,3.2,0.27,Secondary Offering,
MSCI SC,COGT US,2024-02-14,2024-02-16,Upweight,8.7,Health Care,229492,2,0.12,Private Placement,
Russell 2000,THRX US,2024-02-09,2024-02-13,Delete,4.06,Health Care,-2913747,-11.8,-5.91,Concentra Biosciences Tender Offer,
MSCI SC,FDMT US,2024-02-07,2024-02-09,Upweight,28.24,Health Care,91655,2.6,0.07,Equity Offering,
MSCI SC,HESM US,2024-02-07,2024-02-09,Upweight,32.62,Energy,150000,4.9,0.15,Equity Offering,
Russell 2000,CANOQ US,2024-02-05,2024-02-07,Delete,2.3,Health Care,-374218,-0.9,-0.93,Bankruptcy,
Russell 2000,NSTG US,2024-02-05,2024-02-07,Delete,0.1,Health Care,-6555270,-0.7,-3.03,Bankruptcy,
Russell 2000,PCVX US,2024-01-31,2024-02-02,Upweight,71.42,Health Care,1512532,108,1.84,Equity Offering,
MSCI SC,PCVX US,2024-01-31,2024-02-02,Upweight,71.42,Health Care,226502,16.2,0.28,Equity Offering,
MSCI SC,VERA US,2024-01-30,2024-02-01,Upweight,34.51,Health Care,105819,3.7,0.07,Equity Offering,
Russell 1000,SNX US,2024-01-29,2024-01-31,Upweight,101.54,Information Technology,196880,20,0.27,Equity Offering,
Russell 2000,TSP US,2024-01-29,2024-01-31,Delete,0.33,Industrials,-24092141,-7.8,-7.17,Voluntary delisting from NASDAQ,
SP400,SNX US,2024-01-29,2024-01-30,Upweight,101.54,Information Technology,695465,70.6,0.96,Equity Offering,
MSCI SC,CNM US,2024-01-25,2024-01-29,Upweight,40.3,Industrials,884566,35.6,0.25,Equity Offering,
Russell 1000,CNM US,2024-01-24,2024-01-26,Upweight,40.39,Industrials,621662,25.1,0.18,Equity Offering,
Russell 2000,RAIN US,2024-01-23,2024-01-25,Delete,1.24,Health Care,-2518835,-3.1,-7.21,Acq for $1.16 per share in cash plus CVR,
MSCI SC,ESMT US,2024-01-23,2024-01-25,Delete,23.1,Information Technology,-753122,-17.4,-0.59,Acquired for $23 per share in cash,
Russell 2000,ESMT US,2024-01-22,2024-01-25,Delete,23.09,Information Technology,-6715519,-155.1,-6.28,Acquired for $23 per share in cash,
SP400,CNM US,2024-01-23,2024-01-24,Upweight,41.75,Industrials,1841599,76.9,0.54,Secondary offering and concurrent repurchase,
MSCI SC,EWTX US,2024-01-22,2024-01-24,Upweight,15.55,Health Care,130909,2,0.11,Private Placement,
Russell 2000,BECN US,2024-01-19,2024-01-23,Upweight,85.11,Industrials,756537,64.4,0.85,Equity offering,
MSCI SC,MRTX US,2024-01-19,2024-01-23,Delete,58.8,Health Care,-631230,-37.1,-0.4,Acquired for $58 cash + $12 non-tradeable CVR per share. Last day of trading 1/22,
MSCI SC,TALO US,2024-01-19,2024-01-23,Upweight,12.73,Energy,218916,2.8,0.1,Equity offering,
Russell 1000,MRTX US,2024-01-19,2024-01-22,Delete,58.8,Health Care,-2008286,-118.1,-1.27,Acquired for $58 cash + $12 non-tradeable CVR per share. Last day of trading 1/22,
Russell 2000,TALO US,2024-01-18,2024-01-22,Upweight,12.61,Energy,3791570,47.8,2.17,Equity offering,
MSCI Std,O US,2024-01-18,2024-01-22,Upweight,56.12,Real Estate,3075624,172.6,0.43,O acq SRC for 0.762 O per SRC held.,
MSCI SC,SRC US,2024-01-18,2024-01-22,Delete,42.71,Real Estate,-2119970,-90.5,-1.59,O acq SRC for 0.762 O per SRC held.,
MSCI SC,ALEC US,2024-01-18,2024-01-22,Upweight,5.77,Health Care,51258,0.3,0.07,Equity offering,
MSCI SC,VRDN US,2024-01-18,2024-01-22,Upweight,20.14,Health Care,114344,2.3,0.11,Equity offering,
SP500,O US,2024-01-17,2024-01-22,Upweight,57.21,Real Estate,18749564,1072.7,2.64,O acq SRC for 0.762 O per SRC held.,
SP400,SRC US,2024-01-17,2024-01-22,Delete,43.54,Real Estate,-15588809,-678.7,-11.9,O acq SRC for 0.762 O per SRC held.,
SP400,ELF US,2024-01-17,2024-01-22,SP600 to SP400,163.1,Consumer Staples,6066370,989.4,5.49,Moved from SP600,
SP600,ELF US,2024-01-17,2024-01-22,SP600 to SP400,163.1,Consumer Staples,-7197950,-1174,-6.51,Moved to SP400,
SP600,BTU US,2024-01-17,2024-01-22,Add,23.27,Energy,14832602,345.2,5.44,Replaces ELF in the SP600,
Russell 1000,O US,2024-01-16,2024-01-22,Upweight,58.34,Real Estate,-,-,-,O acq SRC for 0.762 O per SRC held,
Russell 1000,SRC US,2024-01-16,2024-01-22,Delete,44.48,Real Estate,-,-,-,O acq SRC for 0.762 O per SRC held,
SP600,TALO US,2024-01-18,2024-01-19,Upweight,12.61,Energy,4210014,53.1,2.41,Equity offering,
Russell 2000,BVH US,2024-01-11,2024-01-16,Delete,74.99,Consumer Discretionary,-1502904,-112.7,-7.56,Acq for $75 per share in cash,
Russell 2000,TIO US,2024-01-11,2024-01-16,Delete,0.69,Communication Services,-,-,-,Delete due to noncompliance with Nasdaq listing rules. TIO has been halted.,
MSCI SC,BVH US,2024-01-09,2024-01-11,Delete,74.93,Consumer Discretionary,-130393,-9.8,-0.73,Acq for $75 per share in cash,
SP400,CNM US,2024-01-09,2024-01-10,Upweight,40.44,Industrials,1605942,64.9,0.51,Equity Offering,
Russell 1000,CNM US,2024-01-08,2024-01-10,Upweight,40.15,Industrials,454333,18.2,0.15,Equity Offering,
MSCI SC,DYN US,2024-01-08,2024-01-10,Upweight,18.03,Health Care,245881,4.4,0.11,Equity Offering,
MSCI SC,SLGC US,2024-01-08,2024-01-10,Delete,2.1,Health Care,-,-,-,LAB acq SLGC for 1.1 LAB per SLGC held. LAB added to MSCI SC upon completion,
MSCI SC,LAB US,2024-01-08,2024-01-10,Add,2.12,Health Care,820632,1.7,0.78,LAB acq SLGC for 1.1 LAB per SLGC held. LAB added to MSCI SC upon completion,
SP600,GPRE US,2024-01-05,2024-01-09,Upweight,24.53,Energy,653629,16,0.59,GPRE acq GPP for 0.405 GPRE and $2.00 per GPP held,
SP600,CPRX US,2024-01-05,2024-01-08,Upweight,14.57,Health Care,1377821,20.1,0.97,Equity Offering,
Russell 2000,ARWR US,2024-01-04,2024-01-08,Upweight,34.53,Health Care,2064626,71.3,1.18,Equity Offering,
Russell 2000,SAVAW US,2024-01-04,2024-01-08,Delete,3.17,Health Care,-2197621,-7,,Deletion - ineligible,
MSCI SC,KROS US,2024-01-04,2024-01-08,Upweight,48.88,Health Care,61622,3,0.14,Equity Offering,
Russell 2000,NXT US,2024-01-03,2024-01-05,Upweight,46.41,Industrials,10536593,489,4.77,Distribution of NXT shares from FLEX.,
MSCI SC,ARWR US,2024-01-03,2024-01-05,Upweight,31.97,Health Care,317245,10.1,0.2,Equity Offering,
Russell 2000,CHS US,2023-12-29,2024-01-04,Delete,7.58,Consumer Discretionary,-17333534,-131.4,-4.92,Acq for $7.60 per share in cash,
SP400,ALTM US,2023-12-19,2024-01-04,Upweight,6.86,Materials,65463755,449.2,3.01,LTHM is merging with AKE AU for stock. Upweight reflects issuance of newco stock to AKE AU holders.,
SP400,PSTG US,2024-01-02,2024-01-04,Add,34.82,Information Technology,32226927,1122.1,7.67,Replaces PDCO in the SP400,
SP400,PDCO US,2024-01-02,2024-01-04,SP400 to SP600,28.69,Health Care,-9386140,-269.3,-8.6,Moved to SP600,
SP600,PDCO US,2024-01-02,2024-01-04,SP400 to SP600,28.69,Health Care,11760331,337.4,10.78,Moved from SP400,
SP600,CHS US,2024-01-02,2024-01-04,Delete,7.59,Consumer Discretionary,-16522765,-125.4,-4.61,Acq for $7.60 per share in cash,
MSCI SC,LTHM US,2024-01-02,2024-01-04,Upweight,18.05,Materials,-,-,-,LTHM is merging with AKE AU for stock. MSCI event reflects old LTHM conversion into newco.,
SP600,DISH US,2023-12-27,2023-12-29,Delete,5.3,Communication Services,-,-,-,SATS acq DISH for 0.350877 SATS per DISH held.,
SP600,SATS US,2023-12-27,2023-12-29,Add,15.08,Communication Services,4591844,69.2,4.43,SATS acq DISH for 0.350877 SATS per DISH held. SATS added to SP600 concurrent with deal close; estimated shs to trade excludes SATS shares received via DISH.,
Russell 1000,KIM US,2023-12-27,2023-12-29,Upweight,21.77,Real Estate,1872936,40.8,0.33,KIM acq RPT for .6049 KIM per RPT held.,
Russell 2000,RPT US,2023-12-27,2023-12-29,Delete,13.15,Real Estate,-12250493,-161.1,-13.07,KIM acq RPT for .6049 KIM per RPT held.,
Russell 1000,DISH US,2023-12-27,2023-12-29,Delete,5.3,Communication Services,-9087760,-48.2,-1.17,SATS acq DISH for 0.350877 SATS per DISH held.,
Russell 2000,SATS US,2023-12-27,2023-12-29,Upweight,15.08,Communication Services,12616094,190.3,12.17,SATS acq DISH for 0.350877 SATS per DISH held.,
MSCI SC,SATS US,2023-12-27,2023-12-29,Upweight,15.08,Communication Services,-,-,-,SATS acq DISH for 0.350877 SATS per DISH held.,
MSCI SC,DISH US,2023-12-27,2023-12-29,Delete,5.3,Communication Services,-154594,-0.8,-0.02,SATS acq DISH for 0.350877 SATS per DISH held. Slight shs to trade reflects impact of MSCI size review of SATS.,
SP500,KIM US,2023-12-19,2023-12-29,Upweight,22.1,Real Estate,7857233,173.6,1.45,KIM acq RPT for .6049 KIM per RPT held.,
SP400,LTHM US,2023-12-19,2023-12-29,SP600 to SP400,17.45,Materials,19780255,345.2,3.42,Moved from SP600.,
SP600,LTHM US,2023-12-19,2023-12-29,SP600 to SP400,17.45,Materials,-23983397,-418.5,-4.15,Moved to SP400,
SP400,VYX US,2023-12-19,2023-12-29,SP400 to SP600,16.25,Information Technology,-14795642,-240.4,-8.78,Moved to SP600,
SP600,VYX US,2023-12-19,2023-12-29,SP400 to SP600,16.25,Information Technology,18538148,301.2,11,Moved from SP400,
SP600,RUSHA US,2023-12-19,2023-12-29,Add,43.93,Industrials,8296769,364.5,28.31,Replaces RPT Realty in the SP600,
SP600,RPT US,2023-12-19,2023-12-29,Delete,13.36,Real Estate,-10282817,-137.4,-12.07,KIM acq RPT for .6049 KIM per RPT held.,
MSCI SC,MBI US,2023-12-20,2023-12-26,Delete,Delete,Financials,-701122,-9.8,-0.58,Deleted following size review triggered by special dividend,
SP400,CNM US,2023-12-15,2023-12-22,Upweight,39.24,Industrials,1380076,54.2,0.34,Equity Offering,
SP400,PR US,2023-12-20,2023-12-21,Upweight,13.2,Energy,4286512,56.6,0.49,Equity Offering,
Russell 2000,PR US,2023-12-19,2023-12-21,Upweight,13.35,Energy,5281386,70.5,0.59,Equity Offering,
MSCI SC,LTHM US,2023-12-19,2023-12-21,Upweight,17.45,Materials,3985794,69.6,0.69,2.406:1 stock split followed by acquisition of AKE AU for stock.,
Russell 2000,LTHM US,2023-12-18,2023-12-21,Upweight,17.45,Materials,33833322,591.4,5.97,2.406:1 stock split followed by acquisition of AKE AU for stock.,
Russell 2000,SGRY US,2023-12-15,2023-12-19,Upweight,32.45,Health Care,1121942,36.4,1.02,Equity Offering,
MSCI SC,SNDX US,2023-12-15,2023-12-19,Upweight,20.77,Health Care,198059,4.1,0.11,Equity Offering,
Nasdaq 100,SGEN US,2023-12-12,2023-12-15,Delete,228.9,Health Care,-4655013,-1065.5,-3.03,Acq for $229 per share in cash. 12/13 LDOT,
Nasdaq 100,TTWO US,2023-12-12,2023-12-15,Add,157.2,Communication Services,4469014,702.5,2.14,Added to replace SGEN,
MSCI Std,SGEN US,2023-12-12,2023-12-14,Delete,228.9,Health Care,-3519336,-805.6,-2.29,Acq for $229 per share in cash. 12/13 LDOT,
MSCI SC,KNTK US,2023-12-12,2023-12-14,Upweight,33.08,Energy,151521,5,0.56,Equity Offering,
Russell 1000,SGEN US,2023-12-12,2023-12-13,Delete,228.9,Health Care,-6238916,-1428.1,-4.06,Acq for $229 per share in cash. 12/13 LDOT,
SP600,EFC US,2023-12-11,2023-12-13,Upweight,12.93,Financials,1418413,18.3,1.56,EFC acq AAIC for $0.09 and 0.3619 EFC per AAIC held.,
Russell 2000,EFC US,2023-12-11,2023-12-13,Upweight,12.93,Financials,1418726,18.3,1.56,EFC acq AAIC for $0.09 and 0.3619 EFC per AAIC held.,
MSCI SC,EFC US,2023-12-11,2023-12-13,Upweight,12.93,Financials,150997,2,0.17,EFC acq AAIC for $0.09 and 0.3619 EFC per AAIC held.,
MSCI SC,FLNC US,2023-12-11,2023-12-13,Upweight,21.95,Industrials,319797,7,0.14,Equity Offering,
MSCI Std,KIM US,2023-12-10,2023-12-12,Upweight,20.35,Real Estate,1296051,26.4,0.27,KIM acq RPT for 0.6049 shares of KIM per RPT held.,
MSCI SC,RPT US,2023-12-10,2023-12-12,Delete,12.29,Real Estate,-1285553,-15.8,-1.93,KIM acq RPT for 0.6049 shares of KIM per RPT held.,
MSCI SC,SEAT US,2023-12-10,2023-12-12,Upweight,7,Communication Services,303670,2.1,0.2,Equity Offering,
MSCI SC,NKLA US,2023-12-10,2023-12-12,Upweight,0.69,Industrials,4067644,2.8,0.06,Equity Offering,
MSCI SC,HCI US,2023-12-07,2023-12-11,Upweight,88.05,Financials,17694,1.6,0.12,Equity Offering,
MSCI SC,WVE US,2023-12-07,2023-12-11,Upweight,4.78,Health Care,195000,0.9,0.41,Equity Offering,
MSCI SC,ETNB US,2023-12-07,2023-12-11,Upweight,9.95,Health Care,294843,2.9,0.22,Equity Offering,
Russell 2000,FLNC US,2023-12-06,2023-12-08,Upweight,22.4,Industrials,2514600,56.3,1.24,Equity Offering,
Russell 2000,SWTX US,2023-12-05,2023-12-07,Upweight,28.94,Health Care,1220699,35.3,0.9,Equity Offering,
MSCI SC,CWAN US,2023-12-05,2023-12-07,Upweight,18.95,Information Technology,241371,4.6,0.14,Equity Offering,
MSCI SC,SWTX US,2023-12-05,2023-12-07,Upweight,28.94,Health Care,186312,5.4,0.14,Equity Offering,
Russell 1000,CRBG US,2023-12-01,2023-12-05,Upweight,20.41,Financials,1288000,26.3,0.29,Equity Offering,
MSCI SC,XENE US,2023-11-30,2023-12-04,Upweight,36.58,Health Care,172367,6.3,0.22,Equity Offering,
MSCI SC,VERV US,2023-11-29,2023-12-01,Upweight,11.2,Health Care,203152,2.3,0.09,Equity Offering,
Russell 1000,LVS US,2023-11-29,2023-12-01,Upweight,45.34,Consumer Discretionary,1660321,75.3,0.32,Equity Offering,
MSCI Std,LVS US,2023-11-29,2023-12-01,Upweight,45.34,Consumer Discretionary,883271,40,0.17,Equity Offering,
MSCI Std,DINO US,2023-11-29,2023-12-01,Upweight,52.73,Energy,331958,17.5,0.2,DINO acq HEP for $4.00 and 0.315 DINO per HEP held.,
SP600,SNBR US,2023-11-28,2023-12-01,Delete,9.35,Consumer Discretionary,-2916476,-27.3,-2.9,Discretionary Removal,
MSCI Std,WS* US,2023-11-28,2023-12-01,Add,25,Materials,-,-,-,Spin off from WOR. WOR holders to receive 1 WS per WOR held.,
SP500,LVS US,2023-11-29,2023-11-30,Upweight,45.34,Consumer Discretionary,7040360,319.2,1.38,Equity Offering,
SP400,DINO US,2023-11-28,2023-11-30,Upweight,54.08,Energy,1604956,86.8,0.99,DINO acq HEP for $4.00 and 0.315 DINO per HEP held.,
SP600,WS* US,2023-11-28,2023-11-30,Add,25,Materials,-,-,-,Spin off from WOR. WOR holders to receive 1 WS per WOR held.,
Russell 2000,WS* US,2023-11-27,2023-11-30,Add,,Materials,-,-,-,Spin off from WOR. Has not yet traded when-issued,
Russell 2000,BANC US,2023-11-27,2023-11-29,Upweight,11.96,Financials,-,-,-,BANC acq PACW for 0.6569 shares of BANC per PACW held.,
Russell 2000,PACW US,2023-11-27,2023-11-29,Delete,7.84,Financials,-,-,-,BANC acq PACW for 0.6569 shares of BANC per PACW held.,
SP400,CG US,2023-11-27,2023-11-29,Add,32.82,Financials,23821623,781.8,10.6,Replaces ICUI in the SP400,
SP400,WPC US,2023-11-27,2023-11-29,Add,59.15,Real Estate,23544696,1392.7,17.94,Replaces WOR in the SP400,
SP400,ICUI US,2023-11-27,2023-11-29,SP400 to SP600,84.39,Health Care,-2236249,-188.7,-7.85,Moved to SP600,
SP600,ICUI US,2023-11-27,2023-11-29,SP400 to SP600,84.39,Health Care,2801900,236.5,9.84,Moved from SP400,
SP400,WOR US,2023-11-27,2023-11-29,SP400 to SP600,67.53,Materials,-3354277,-226.5,-18.99,Moved to SP600,
SP600,WOR US,2023-11-27,2023-11-29,SP400 to SP600,67.53,Materials,4093775,276.5,23.18,Moved from SP400,
SP600,BANC US,2023-11-27,2023-11-29,Upweight,11.96,Financials,-,-,-,BANC acq PACW for 0.6569 shares of BANC per PACW held.,
SP600,PACW US,2023-11-27,2023-11-29,Delete,7.84,Financials,-,-,-,BANC acq PACW for 0.6569 shares of BANC per PACW held.,
SP600,AVTA US,2023-11-27,2023-11-29,Delete,25.99,Financials,-4793504,-124.6,-9.46,Acq for $26 per share in cash,
SP600,VRTV US,2023-11-27,2023-11-29,Delete,169.96,Industrials,-1872748,-318.3,-14,Acq for $170 per share in cash,
SP600,CWEN US,2023-11-27,2023-11-29,Add,22.87,Utilities,11032309,252.3,10.92,Replaces VRTV in the SP600,
SP600,CWEN.A US,2023-11-27,2023-11-29,Add,21.29,Utilities,4635161,98.7,21.07,Replaces VRTV in the SP600,
MSCI SC,VRTV US,2023-11-27,2023-11-29,Delete,169.96,Industrials,-193039,-32.8,-1.44,Acq for $170 per share in cash,
Russell 2000,VRTV US,2023-11-24,2023-11-29,Delete,169.95,Industrials,-1887995,-320.9,-14.59,Acq for $170 per share in cash.,
Russell 2000,AVTA US,2023-11-22,2023-11-27,Delete,25.97,Financials,-5331743,-138.5,-10.29,Acq for $26 per share in cash.,
Russell 2000,HT US,2023-11-22,2023-11-27,Delete,9.96,Real Estate,-4505446,-44.9,-9.31,Acq for $10 per share in cash.,
SP500,AVGO US,2023-11-21,2023-11-27,Upweight,981.55,Information Technology,4566352,4482.1,2.02,"AVGO acq VMW for $142.50 or 0.252 shares of AVGO per VMW held, subject to 50/50 proration. Deal has closed",
MSCI Std,VMW US,2023-11-21,2023-11-24,Delete,142.48,Information Technology,-,-,-,"AVGO acq VMW for $142.50 or 0.252 shares of AVGO per VMW held, subject to 50/50 proration. Deal has closed",
MSCI Std,AVGO US,2023-11-21,2023-11-24,Upweight,981.55,Information Technology,-,-,-,"AVGO acq VMW for $142.50 or 0.252 shares of AVGO per VMW held, subject to 50/50 proration. Deal has closed",
MSCI SC,BANC US,2023-11-20,2023-11-22,Upweight,12.81,Financials,306147,3.9,0.14,BANC acq PACW for 0.6569 shares of BANC per PACW held,
MSCI SC,PACW US,2023-11-20,2023-11-22,Delete,8.34,Financials,-,-,-,BANC acq PACW for 0.6569 shares of BANC per PACW held,
Russell 2000,DRS US,2023-11-17,2023-11-21,Upweight,18.56,Industrials,2514600,46.7,2.12,Equity Offering,
MSCI SC,AVTA US,2023-11-17,2023-11-21,Delete,25.93,Financials,-549880,-14.3,-1.02,Acq for $26 per share in cash,
Russell 2000,LAZY US,2023-11-17,2023-11-20,Downweight,7.23,Consumer Discretionary,-1416834,-10.2,-7.69,Rights Issue Adjustment,
MSCI SC,VNOM US,2023-11-15,2023-11-17,Upweight,29.9,Energy,61507,1.8,0.11,Equity Offering,
MSCI SC,PNT US,2023-11-15,2023-11-17,Delete,13.4,Health Care,-951240,-12.7,-0.32,Acq for $12.50 per share in cash,
MSCI SC,TKO US,2023-11-14,2023-11-16,Upweight,78.05,Communication Services,333732,26,0.27,Equity Offering,
Russell 1000,DV US,2023-11-14,2023-11-16,Upweight,31.26,Information Technology,557500,17.4,0.35,Equity Offering,
Russell 2000,SCU US,2023-11-13,2023-11-16,Delete,12.68,Financials,-2958793,-37.5,-7.74,Acq for $12.70 per share in cash. 11/16 LDOT,
MSCI SC,MURA US,2023-11-13,2023-11-16,Add,,Health Care,-,-,-,Spin off from ALKS. ALKS holders to receive 1 MURA per 10 ALKS held,
SP600,DV US,2023-11-14,2023-11-15,Upweight,31.26,Information Technology,1528055,47.8,0.96,Equity Offering,
Russell 2000,ARGO US,2023-11-13,2023-11-15,Delete,29.99,Financials,-4607075,-138.2,-12.88,Acq for $30 per share in cash. 11/15 LDOT,
MSCI SC,ARGO US,2023-11-13,2023-11-15,Delete,29.99,Financials,-501165,-15,-1.4,Acq for $30 per share in cash. 11/15 LDOT,
Russell 2000,MURA US,2023-11-10,2023-11-15,Add,,Health Care,-,-,-,Spin off from ALKS. ALKS holders to receive 1 MURA per 10 ALKS held. Has not yet traded when-issued.,
Russell 2000,CPK US,2023-11-10,2023-11-14,Upweight,86.71,Utilities,532456,46.2,2.97,Equity Offering,
MSCI SC,CPK US,2023-11-10,2023-11-14,Upweight,86.71,Utilities,57895,5,0.32,Equity Offering,
Russell 1000,TKO US,2023-11-10,2023-11-14,Upweight,79.26,Communication Services,318712,25.3,0.29,Equity Offering,
Russell 2000,CCF US,2023-11-09,2023-11-14,Delete,127.4,Materials,-1054480,-134.3,-5.63,Acq for $127.50 per share in cash,
SP400,TKO US,2023-11-10,2023-11-13,Upweight,79.26,Communication Services,813426,64.5,0.74,Equity Offering,
SP600,CPK US,2023-11-10,2023-11-13,Upweight,86.71,Utilities,513280,44.5,2.86,Equity Offering,
MSCI SC,CWAN US,2023-11-09,2023-11-13,Upweight,19,Information Technology,385501,7.3,0.33,Equity Offering,
MSCI SC,CNM US,2023-11-09,2023-11-13,Upweight,31.73,Industrials,304350,9.7,0.14,Equity Offering,
MSCI SC,CCCS US,2023-11-09,2023-11-13,Upweight,10.99,Information Technology,806315,8.9,0.25,Equity Offering,
SP400,CNM US,2023-11-08,2023-11-10,Add,31.08,Industrials,13406513,416.7,6.72,Replaces ACIW in the SP400,
SP400,ACIW US,2023-11-08,2023-11-10,SP400 to SP600,24.45,Information Technology,-11978029,-292.9,-22.55,Moved to SP600,
SP600,ACIW US,2023-11-08,2023-11-10,SP400 to SP600,24.45,Information Technology,15007829,366.9,28.25,Moved from SP400,
SP600,NXGN US,2023-11-08,2023-11-10,Delete,23.94,Health Care,-,-,-,Acq for $23.95 per share in cash. NXGN has been halted,
Russell 1000,WELL US,2023-11-08,2023-11-10,Upweight,86.37,Real Estate,643706,55.6,0.18,Equity Offering,
MSCI SC,CLDX US,2023-11-08,2023-11-10,Upweight,26.5,Health Care,135677,3.6,0.19,Equity Offering,
SP400,KNF US,2023-11-08,2023-11-09,Upweight,55.96,Materials,623923,34.9,1.07,Equity Offering,
SP600,AVID US,2023-11-07,2023-11-09,Delete,27.04,Information Technology,-,-,-,Acq for $27.05 per share in cash. AVID has been halted.,
SP600,AMR US,2023-11-07,2023-11-09,Add,207.03,Materials,1618863,335.2,6.92,Replaces AVID in the SP600,
Russell 1000,CNM US,2023-11-07,2023-11-09,Upweight,30.96,Industrials,613566,19,0.3,Equity Offering,
MSCI SC,ALPN US,2023-11-07,2023-11-09,Upweight,12.59,Health Care,147217,1.9,0.19,Equity Offering,
SP500,WELL US,2023-11-07,2023-11-08,Upweight,85.65,Real Estate,6048234,518,1.84,WELL completed a secondary offering of new shares.,
Russell 1000,CRBG US,2023-11-06,2023-11-08,Upweight,20.48,Financials,1840000,37.7,0.69,Equity Offering,
Russell 2000,RVMD US,2023-11-06,2023-11-08,Upweight,21.54,Health Care,-,-,-,RVMD acq EQRX for 0.1112 RVMD per EQRX held,
Russell 2000,EQRX US,2023-11-06,2023-11-08,Delete,2.38,Health Care,-,-,-,RVMD acq EQRX for 0.1112 RVMD per EQRX held,
MSCI SC,RVMD US,2023-11-06,2023-11-08,Upweight,21.54,Health Care,40944,0.9,0.01,RVMD acq EQRX for 0.1112 RVMD per EQRX held,
MSCI SC,EQRX US,2023-11-06,2023-11-08,Delete,2.38,Health Care,-,-,-,RVMD acq EQRX for 0.1112 RVMD per EQRX held,
MSCI SC,VRDN US,2023-11-06,2023-11-08,Upweight,14.9,Health Care,58587,0.9,0.07,Private Placement,
MSCI SC,ICPT US,2023-11-03,2023-11-07,Delete,18.98,Health Care,-531510,-10.1,-0.16,Acq for $19 per share in cash,
MSCI SC,NXGN US,2023-11-03,2023-11-07,Delete,23.93,Health Care,-791766,-18.9,-1.05,Acq for $23.95 per share in cash,
Russell 1000,NEWR US,2023-11-02,2023-11-07,Delete,86.91,Information Technology,-2497511,-217.1,-2.01,Acq for $87 per share in cash,
SP500,NEM US,2023-10-24,2023-11-07,Upweight,38.45,Materials,62274247,2394.4,5.71,NEM acq. NCM AU for 0.4 NEM CDIs per NCM held.,
SP500,SJM US,2023-11-02,2023-11-06,Upweight,114.07,Consumer Staples,694390,79.2,0.55,SJM acq TWNK for $30 & 0.03002 SJM per TWNK held.,
SP400,BURL US,2023-11-02,2023-11-06,Add,126.26,Consumer Discretionary,7144767,902.1,5.75,Replaces ENV in the SP400,
SP400,ENV US,2023-11-02,2023-11-06,SP400 to SP600,37.49,Information Technology,-5464014,-204.8,-9.77,Moved to SP600,
SP600,ENV US,2023-11-02,2023-11-06,SP400 to SP600,37.49,Information Technology,6668635,250,11.93,Moved from SP400,
SP600,TWNK US,2023-11-02,2023-11-06,Delete,33.37,Consumer Staples,-17324944,-578.1,-7.3,SJM acq TWNK for $30 & 0.03002 SJM per TWNK held.,
MSCI Std,SJM US,2023-11-02,2023-11-06,Upweight,114.07,Consumer Staples,99704,11.4,0.08,SJM acq TWNK for $30 & 0.03002 SJM per TWNK held.,
MSCI SC,TWNK US,2023-11-02,2023-11-06,Delete,33.37,Consumer Staples,-1992753,-66.5,-0.84,SJM acq TWNK for $30 & 0.03002 SJM per TWNK held.,
Russell 2000,PLM US,2023-10-31,2023-11-06,Delete,2.1,Materials,-4918368,-10.3,-34.05,Acq for $2.11 per share in cash,
SP500,XOM US,2023-11-01,2023-11-03,Upweight,105.64,Energy,7452664,787.3,0.35,XOM acq DEN for 0.84 XOM per DEN held.,
MSCI SC,AVID US,2023-10-31,2023-11-02,Delete,27.02,Information Technology,-526895,-14.2,-1.01,Acq for $27.05 per share in cash,
MSCI Std,NLOP-W US,2023-10-30,2023-11-02,Delete,19,Health Care,-356494,-6.8,,Spun off from WPC. WPC holders to receive 1 NLOP per 15 WPC held.,
Russell 1000,XOM US,2023-10-31,2023-11-01,Upweight,105.85,Energy,1558038,164.9,0.08,XOM acq DEN for 0.84 XOM per DEN held,
MSCI SC,NEWR US,2023-10-30,2023-11-01,Delete,86.54,Information Technology,-842669,-72.9,-0.71,Acq for $87 per share in cash,
Russell 1000,NLOP-W US,2023-10-27,2023-11-01,Add,19.4,Real Estate,-,-,-,Spun off from WPC. WPC holders to receive 1 NLOP per WPC held.,
MSCI Std,XOM US,2023-10-27,2023-10-31,Downweight,105.55,Energy,-906176,-95.6,-0.05,XOM acq DEN for 0.84 XOM per DEN held.,
MSCI SC,DEN US,2023-10-27,2023-10-31,Delete,88.56,Energy,-751994,-66.6,-0.63,XOM acq DEN for 0.84 XOM per DEN held.,
MSCI SC,PR US,2023-10-27,2023-10-31,Upweight,14.64,Energy,589636,8.6,0.06,PR acq ESTE for 1.446 PR per ESTE held.,
MSCI SC,ESTE US,2023-10-27,2023-10-31,Delete,21.31,Energy,-,-,-,PR acq ESTE for 1.446 PR per ESTE held.,
SP400,PR US,2023-10-26,2023-10-31,Upweight,14.77,Energy,9879109,145.9,0.9,PR acq ESTE for 1.446 PR per ESTE held.,
Russell 2000,PR US,2023-10-26,2023-10-31,Upweight,14.77,Energy,-,-,-,PR acq ESTE for 1.446 PR per ESTE held.,
Russell 2000,ESTE US,2023-10-26,2023-10-31,Delete,21.49,Energy,-,-,-,PR acq ESTE for 1.446 PR per ESTE held.,
Russell 2000,FRGI US,2023-10-25,2023-10-27,Delete,8.49,Consumer Discretionary,-2548582,-21.6,-15.07,Acq for $8.50 per share in cash. Exp LDOT 10/27,
MSCI SC,ATEC US,2023-10-25,2023-10-27,Upweight,10.1,Health Care,258161,2.6,0.14,Equity Offering,
SP500,AVGO US,2023-10-24,2023-10-27,Upweight,881.11,Information Technology,4566352,4023.5,2.1,"AVGO is to acq VMW for $142.50 or 0.2520 AVGO per VMW held, subject to 50/50 proration.",
MSCI Std,NEM US,2023-10-23,2023-10-26,Upweight,38.44,Materials,8942307,343.7,0.83,NEM acq. NCM AU for 0.4 NEM CDIs per NCM held.,
Russell 1000,NEM US,2023-10-20,2023-10-26,Upweight,38.8,Materials,13151069,510.3,1.24,NEM acq. NCM AU for 0.4 NEM CDIs per NCM held.,
MSCI SC,ARQT US,2023-10-20,2023-10-24,Delete,2.47,Health Care,-691001,-1.7,-0.36,Deletion due to size review as a result of follow on,
MSCI SC,RARE US,2023-10-19,2023-10-23,Upweight,33.45,Health Care,6278,0.2,0.01,Equity Offering,
SP400,FND US,2023-10-17,2023-10-19,Add,84.91,Consumer Discretionary,11698086,993.3,7.65,Replaces VICR in the SP400,
SP400,VICR US,2023-10-17,2023-10-19,SP400 to SP600,53.72,Industrials,-2470608,-132.7,-8.86,Moved to the SP600,
SP600,VICR US,2023-10-17,2023-10-19,SP400 to SP600,53.72,Industrials,3025131,162.5,10.84,Moved from the SP400,
SP600,CIR US,2023-10-17,2023-10-19,Delete,56,Industrials,-,-,-,KKR acq CIR for $56 per share in cash. Deal has closed,
MSCI SC,CIR US,2023-10-17,2023-10-19,Delete,56,Industrials,-,-,-,KKR acq CIR for $56 per share in cash. Deal has closed,
MSCI SC,NUVL US,2023-10-17,2023-10-19,Upweight,53.16,Health Care,74700,4,0.08,Equity Offering,
SP500,ATVI US,2023-10-13,2023-10-17,Delete,94.42,Communication Services,-,-,-,Acquired by MSFT for $95 per share in cash. Deal has closed.,
SP500,LULU US,2023-10-13,2023-10-17,Add,377.69,Consumer Discretionary,20154161,7612,14.83,Replaces ATVI in the SP500,
S&P Completion,LULU US,2023-10-13,2023-10-17,Delete,377.69,Consumer Discretionary,-2890729,-1091.8,-2.13,Removed following inclusion in SP500,
SP500,HUBB US,2023-10-13,2023-10-17,SP400 to SP500,294.79,Industrials,9347883,2755.7,21.51,Moved from SP400,
SP400,HUBB US,2023-10-13,2023-10-17,SP400 to SP500,294.79,Industrials,-5894047,-1737.5,-13.57,Moved to SP500,
S&P Completion,HUBB US,2023-10-13,2023-10-17,Delete,294.79,Industrials,-1340775,-395.2,-3.09,Removed following inclusion in SP500,
SP500,OGN US,2023-10-13,2023-10-17,SP500 to SP600,17.32,Health Care,-44494389,-770.6,-14.51,Moved to SP600,
SP600,OGN US,2023-10-13,2023-10-17,SP500 to SP600,17.32,Health Care,35319498,611.7,11.52,Moved from SP500,
S&P Completion,OGN US,2023-10-13,2023-10-17,Add,17.32,Health Care,6389200,110.7,2.08,Added following removal from SP500,
SP400,ONTO US,2023-10-13,2023-10-17,SP600 to SP400,138.1,Information Technology,5392353,744.7,13.77,Moved from SP600,
SP600,ONTO US,2023-10-13,2023-10-17,SP600 to SP400,138.1,Information Technology,-6398206,-883.6,-16.34,Moved to SP400,
MSCI Std,ATVI US,2023-10-13,2023-10-17,Delete,94.42,Communication Services,-,-,-,Acquired by MSFT for $95 per share in cash. Deal has closed.,
MSCI SC,NATL* US,2023-10-12,2023-10-17,Add,20.72,Information Technology,-,-,-,Spin off from NCR. Ex Date 10/17,
MSCI SC,NATL US,2023-10-12,2023-10-17,Add,20.72,Information Technology,-,-,-,Spin off from NCR. Ex Date 10/17,
SP600,ITOS US,2023-10-11,2023-10-17,Delete,9.04,Health Care,-3452820,-31.2,-10.75,Discretionary Removal,
SP400,NATL* US,2023-10-11,2023-10-17,SP400 to SP600,23,Information Technology,-7382103,-169.8,,Spin off from NCR migrated from SP400 to SP600,
SP600,NATL* US,2023-10-11,2023-10-17,SP400 to SP600,23,Information Technology,9249381,212.7,,Spin off from NCR migrated from SP400 to SP600,
SP400,NATL US,2023-10-11,2023-10-17,SP400 to SP600,23,Information Technology,-7382103,-169.8,,Spin off from NCR migrated from SP400 to SP600,
SP600,NATL US,2023-10-11,2023-10-17,SP400 to SP600,23,Information Technology,9249381,212.7,,Spin off from NCR migrated from SP400 to SP600,
SP600,ITOS US,2023-10-11,2023-10-17,Delete,9.16,Health Care,-3452820,-31.6,-13.81,Discretionary Removal,
Russell 2000,HCCI US,2023-10-13,2023-10-16,Delete,45.47,Industrials,-2524186,-114.8,-6.38,Acq for $45.50 per share in cash,
MSCI SC,CERE US,2023-10-12,2023-10-16,Upweight,23.19,Health Care,250790,5.8,0.28,Equity Offering,
MSCI SC,SRRK US,2023-10-12,2023-10-16,Upweight,8.06,Health Care,99192,0.8,0.2,Equity Offering,
SP400,NATL* US,2023-10-11,2023-10-16,Add,23,Information Technology,-,-,-,Spin off from NCR. Ex Date 10/17,
SP400,NATL US,2023-10-11,2023-10-16,Add,23,Information Technology,-,-,-,Spin off from NCR. Ex Date 10/17,
Russell 1000,NATL US,2023-10-10,2023-10-16,Add,,Information Technology,-,-,-,Spin-off from NCR. Has not traded when-issued yet. Ex date 10/17,
Russell 1000,NATL* US,2023-10-10,2023-10-16,Add,,Information Technology,-,-,-,Spin-off from NCR. Has not traded when-issued yet. Ex date 10/17,
Russell 1000,SNX US,2023-10-11,2023-10-13,Upweight,96.12,Information Technology,196659,18.9,0.34,Secondary Offering,
SP400,SNX US,2023-10-11,2023-10-12,Upweight,96.12,Information Technology,447569,43,0.78,Secondary Offering,
SP600,NOG US,2023-10-11,2023-10-12,Upweight,39.23,Energy,892618,35,0.59,Secondary Offering,
SP400,H US,2023-10-09,2023-10-11,Add,104.46,Consumer Discretionary,5050135,527.5,7.66,Replaces NATI in the SP400,
SP400,NATI US,2023-10-09,2023-10-11,Delete,59.98,Information Technology,-14473722,-868.1,-11.35,Acq by EMR for $60 per share in cash,
MSCI SC,NATI US,2023-10-09,2023-10-11,Delete,59.98,Information Technology,-1991617,-119.5,-1.56,Acq by EMR for $60 per share in cash,
Russell 1000,NATI US,2023-10-06,2023-10-10,Delete,59.64,Information Technology,-5607413,-334.4,-4.44,Acq by EMR for $60 per share in cash,
MSCI SC,HCCI US,2023-10-06,2023-10-10,Delete,45.41,Industrials,-255675,-11.6,-0.67,Acq by JF Lehman & Co for $45.50 per share in cash,
MSCI SC,CCF US,2023-10-04,2023-10-06,Delete,127.01,Materials,-121206,-15.4,-0.8,Acq by KKR for $127.50 per share in cash,
Russell 1000,HZNP US,2023-10-03,2023-10-05,Delete,116.23,Health Care,-9767801,-1135.3,-3.05,Acq for $116.5 per share in cash,
MSCI Std,HZNP US,2023-10-03,2023-10-05,Delete,116.23,Health Care,-5436992,-631.9,-1.7,Acq for $116.5 per share in cash,
MSCI SC,BHVN US,2023-10-03,2023-10-05,Upweight,23.22,Health Care,130398,3,0.11,Equity offering,
SP500,KLG US,2023-09-28,2023-10-02,SP500 to SP600,16,Consumer Staples,-11480752,-183.7,,Spin-off from K demoted to SP600,
SP600,KLG US,2023-09-28,2023-10-02,SP500 to SP600,16,Consumer Staples,8824910,141.2,,Spin-off from K demoted to SP600,
S&P Completion,KLG US,2023-09-28,2023-10-02,Add,16,Consumer Staples,1647545,26.4,,Add by way of removal from SP500,
SP500,DXC US,2023-09-28,2023-10-02,SP500 to SP600,20.47,Information Technology,-35720793,-731.2,-14.74,Moved to SP600,
SP600,DXC US,2023-09-28,2023-10-02,SP500 to SP600,20.47,Information Technology,28355047,580.4,11.7,Moved from SP500,
S&P Completion,DXC US,2023-09-28,2023-10-02,Add,20.47,Information Technology,5129350,105,2.12,Add by way of removal from SP500,
SP400,KSS US,2023-09-28,2023-10-02,SP400 to SP600,20.1,Consumer Discretionary,-12198187,-245.2,-2.83,Moved to SP600,
SP600,KSS US,2023-09-28,2023-10-02,SP400 to SP600,20.1,Consumer Discretionary,15283676,307.2,3.55,Moved from SP400,
SP600,AVD US,2023-09-28,2023-10-02,Delete,10.87,Materials,-3552906,-38.6,-13.73,Discretionary Removal,
SP600,EBIX US,2023-09-28,2023-10-02,Delete,10.21,Information Technology,-3373709,-34.4,-4.98,Discretionary Removal,
SP600,HA US,2023-09-28,2023-10-02,Delete,6.53,Industrials,-7135542,-46.6,-4.57,Discretionary Removal,
MSCI Std,VLTO US,2023-09-27,2023-10-02,Add,80.6,Consumer Discretionary,-,-,-,Spin-off from DHR. Retained in MSCI Std.,
MSCI Std,VSTS US,2023-09-27,2023-10-02,MSCI Std to SC,19.25,Health Care,-3094727,-59.6,,Spin-off from ARMK. Migrated from MSCI Std to Small Cap.,
MSCI SC,VSTS US,2023-09-27,2023-10-02,MSCI Std to SC,19.25,Health Care,1856836,35.7,,Spin-off from ARMK. Migrated from MSCI Std to Small Cap.,
MSCI Std,KLG US,2023-09-27,2023-10-02,MSCI Std to SC,17,Consumer Staples,-1713792,-29.1,,Spin-off from K. Migrated from MSCI Std to Small Cap.,
MSCI SC,KLG US,2023-09-27,2023-10-02,MSCI Std to SC,17,Consumer Staples,1028275,17.5,,Spin-off from K. Migrated from MSCI Std to Small Cap,
SP500,VLTO* US,2023-09-28,2023-09-29,Add,84.65,Consumer Discretionary,-,-,-,Spin-off from DHR. Reg way 10/02,
SP500,KLG* US,2023-09-28,2023-09-29,Add,16,Consumer Staples,-,-,-,Spin-off from K. Reg way 10/02,
SP400,VSTS* US,2023-09-28,2023-09-29,Add,19.5,Health Care,-,-,-,Spin-off from ARMK. Reg way 10/02,
Russell 1000,KLG* US,2023-09-27,2023-09-29,Add,17,Consumer Staples,-,-,-,Spin-off from K.,
Russell 1000,VSTS* US,2023-09-26,2023-09-29,Add,,Consumer Discretionary,-,-,,Spin off from ARMK. When-issued has not yet traded,
Russell 1000,VLTO* US,2023-09-25,2023-09-29,Add,,Health Care,-,-,,Spinoff from DHR. DHR holders to receive 1 VLTO per 3 DHR held. VLTO-W has not yet traded. Regular way trading to begin 10/2,
SP400,SYNH US,2023-09-26,2023-09-28,Delete,42.97,Health Care,-11433588,-491.3,,Acquired for $43 per share in cash. Exp LDOT 9/27,
SP400,CIVI US,2023-09-26,2023-09-28,SP600 to SP400,80.63,Energy,9376944,756.1,,Moved from SP600,
SP600,CIVI US,2023-09-26,2023-09-28,SP600 to SP400,80.63,Energy,-11126055,-897.1,,Moved to SP400,
SP600,HAYW US,2023-09-26,2023-09-28,Add,13.41,Industrials,17377215,233,,Replaces CIVI in the SP600,
MSCI SC,SYNH US,2023-09-26,2023-09-28,Delete,42.97,Health Care,-1555713,-66.8,,Acquired for $43 per share in cash. Exp LDOT 9/27,
Russell 1000,SYNH US,2023-09-26,2023-09-27,Delete,42.97,Health Care,-3786978,-162.7,-2.96,Acquired for $43 per share in cash. Exp LDOT 9/27,
Russell 2000,BIPC US,2023-09-26,2023-09-27,Upweight,37.42,Utilities,-,-,-,Acq TRTN for cash and stock.,
Russell 2000,TRTN US,2023-09-26,2023-09-27,Delete,82.95,Industrials,-,-,-,Acq by BIPC for cash and stock. Cash to be reinvested.,
MSCI SC,TRTN US,2023-09-25,2023-09-27,Delete,82.94,Industrials,-825930,-68.5,-1.72,Acquired by BIPC CN for cash & stock.,
SP500,OKE US,2023-09-21,2023-09-25,Upweight,65.99,Energy,23495297,1550.5,7.24,Acq MMP - $25 + 0.6670 OKE/per share,
Russell 2000,RETA US,2023-09-21,2023-09-25,Delete,172.17,Health Care,-4114947,-708.5,-5.64,Acq by BIIB - $172.50/share,
MSCI Std,OKE US,2023-09-21,2023-09-25,Upweight,65.99,Energy,3369944,222.4,1.04,Acq MMP - $25 + 0.6670 OKE/per share,
Russell 2000,PR US,2023-09-20,2023-09-22,Upweight,13.18,Energy,2826486,37.3,0.28,Equity Offering,
MSCI SC,MSGE US,2023-09-20,2023-09-22,Upweight,32.72,Communication Services,91291,3,0.2,Equity Offering,
MSCI SC,RADI US,2023-09-20,2023-09-22,Delete,15,Communication Services,-,-,-,Acq $15/share. LDOT 9/20.,
MSCI SC,HLVX US,2023-09-20,2023-09-22,Upweight,14.57,Health Care,36000,0.5,0.5,Equity Offering,
SP400,OVV US,2023-09-15,2023-09-22,Upweight,47.32,Energy,1403828,66.4,0.45,Equity Offering - S&P Freeze Period,
SP500,ROL US,2023-09-15,2023-09-22,Upweight,37.03,Industrials,10224063,378.6,3.75,Equity Offering - S&P Freeze Period,
SP400,PR US,2023-09-20,2023-09-21,Upweight,13.18,Energy,2265315,29.9,0.22,Equity Offering,
MSCI SC,RETA US,2023-09-19,2023-09-21,Delete,172.11,Health Care,-371656,-64,-0.51,Acq by BIIB - $172.50/share,
MSCI SC,CNM US,2023-09-19,2023-09-21,Upweight,28.49,Industrials,316381,9,0.22,Equity Offering,
Russell 1000,CNM US,2023-09-15,2023-09-19,Upweight,28.22,Industrials,586408,16.5,0.47,Equity Offering,
MSCI SC,VTLE US,2023-09-15,2023-09-19,Upweight,53.65,Energy,53135,2.9,0.07,Equity Offering,
Russell 2000,PRVA US,2023-09-15,2023-09-18,Upweight,24.32,Health Care,5945772,144.6,7.43,Correction,
MSCI SC,SBOW US,2023-09-14,2023-09-18,Upweight,36.64,Energy,25297,0.9,0.05,Equity Offering,
MSCI SC,IE US,2023-09-14,2023-09-18,Upweight,13.5,Materials,184486,2.5,0.4,Equity Offering,
Russell 2000,CRNX US,2023-09-13,2023-09-15,Upweight,28.54,Health Care,1615640,46.1,0.83,Equity Offering,
MSCI SC,CRNX US,2023-09-13,2023-09-15,Upweight,28.54,Health Care,226264,6.5,0.12,Equity Offering,
Russell 1000,OVV US,2023-09-11,2023-09-15,Upweight,45.65,Energy,566349,25.9,0.2,Equity Offering,
Russell 1000,ROL US,2023-09-07,2023-09-15,Upweight,36.12,Industrials,1522287,55,0.65,Equity Offering,
MSCI SC,CBAY US,2023-09-12,2023-09-14,Upweight,17.62,Health Care,68065,1.2,0.03,Equity Offering,
MSCI Std,OVV US,2023-09-11,2023-09-13,Upweight,45.65,Energy,321627,14.7,0.12,Equity Offering,
SP600,CHRS US,2023-09-08,2023-09-12,Upweight,4.89,Health Care,1449864,7.1,0.6,CHRS acq SURF for stock.,
MSCI SC,BROS US,2023-09-08,2023-09-12,Upweight,27.71,Consumer Discretionary,198673,5.5,0.15,Equity Offering,
SP600,GNL US,2023-09-07,2023-09-11,Upweight,11.17,Real Estate,12425281,138.8,9.48,GNL acq RTL for 0.670 GNL per RTL held.,
Russell 2000,GNL US,2023-09-07,2023-09-11,Upweight,11.17,Real Estate,-,-,-,GNL acq RTL for 0.670 GNL per RTL held.,
Russell 2000,RTL US,2023-09-07,2023-09-11,Delete,7.41,Real Estate,-,-,-,GNL acq RTL for 0.670 GNL per RTL held.,
MSCI Std,ROL US,2023-09-07,2023-09-11,Upweight,35.72,Industrials,1101106,39.3,0.52,Equity Offering + Buyback,
MSCI SC,GNL US,2023-09-07,2023-09-11,Upweight,11.17,Real Estate,-,-,-,GNL acq RTL for 0.670 GNL per RTL held.,
MSCI SC,RTL US,2023-09-07,2023-09-11,Delete,7.41,Real Estate,-,-,-,GNL acq RTL for 0.670 GNL per RTL held.,
MSCI SC,CRGY US,2023-09-07,2023-09-11,Upweight,13.3,Energy,262438,3.5,0.31,Equity Offering,
MSCI SC,CHRS US,2023-09-06,2023-09-08,Upweight,4.98,Health Care,151558,0.8,0.06,CHRS acq SURF for stock.,
MSCI SC,TNET US,2023-08-30,2023-09-05,Downweight,110.93,Industrials,-53832,-6,-0.07,Cash tender buyback,
Russell 2000,QUOT US,2023-08-29,2023-09-05,Delete,3.98,Communication Services,-13031054,-51.9,-8.82,Acq for $4 per share in cash,
Russell 1000,ICE US,2023-08-30,2023-09-01,Upweight,117.99,Financials,437515,51.6,0.2,ICE acq BKI in a cash or stock deal. BKI exp LDOT 9/1,
Russell 1000,BKI US,2023-08-30,2023-09-01,Delete,75.76,Information Technology,-5692518,-431.3,-1.59,ICE acq BKI in a cash or stock deal. BKI exp LDOT 9/1,
SP500,ICE US,2023-08-30,2023-09-01,Upweight,117.9,Financials,2095805,247.1,0.97,ICE acq BKI in a cash or stock deal. BKI exp LDOT 9/1,
MSCI Std,ICE US,2023-08-29,2023-09-01,Upweight,118.57,Financials,298748,35.4,0.14,ICE acq BKI in a cash or stock deal. BKI exp LDOT 9/1,
MSCI Std,BKI US,2023-08-29,2023-09-01,Delete,75.7,Information Technology,-3919037,-296.7,-1.17,ICE acq BKI in a cash or stock deal. BKI exp LDOT 9/1,
SP400,GMED US,2023-08-28,2023-08-31,Upweight,53.84,Health Care,4323109,232.8,4.3,GMED acq NUVA for 0.75 GMED per NUVA held.,
SP600,NUVA US,2023-08-28,2023-08-31,Delete,39.96,Health Care,-7248452,-289.6,-8.38,GMED acq NUVA for 0.75 GMED per NUVA held.,
SP600,PTEN US,2023-08-28,2023-08-31,Upweight,14.01,Energy,-,-,-,PTEN acq NEX for 0.7520 PTEN per NEX held.,
SP600,NEX US,2023-08-28,2023-08-31,Delete,10.56,Energy,-,-,-,PTEN acq NEX for 0.7520 PTEN per NEX held.,
SP600,GSHD US,2023-08-28,2023-08-31,Add,59.58,Financials,3140678,187.1,22.7,Replaces NUVA in the SP600,
SP600,JXN US,2023-08-28,2023-08-31,Add,34.63,Financials,7861196,272.2,10.85,Replaces NEX in the SP600,
Russell 1000,GMED US,2023-08-28,2023-08-31,Upweight,53.84,Health Care,1703128,91.7,1.7,GMED acq NUVA for 0.75 GMED per NUVA held.,
Russell 2000,NUVA US,2023-08-28,2023-08-31,Delete,39.96,Health Care,-7339356,-293.3,-8.49,GMED acq NUVA for 0.75 GMED per NUVA held.,
Russell 2000,NEX US,2023-08-25,2023-08-31,Delete,10.55,Energy,-,-,-,Acq by PTEN for 0.752 shares of PTEN per NEX held.,
Russell 2000,PTEN US,2023-08-25,2023-08-31,Upweight,14.01,Energy,-,-,-,PTEN acq NEXT for 0.752 shares of PTEN per NEX held.,
Russell 2000,FOCS US,2023-08-28,2023-08-30,Delete,52.4,Financials,-8122996,-425.6,-16.47,Acq by Clayton Dubilier & Rice for $53 per share.,
MSCI SC,APE US,2023-08-24,2023-08-28,Delete,1.42,Communication Services,-,-,-,Conversion into AMC,
MSCI SC,AMC US,2023-08-24,2023-08-28,Upweight,14.37,Communication Services,31020,0.4,-,Conversion of APE into AMC. Shares to trade reflects slight delta between AMC share change and APE conversion.,
MSCI SC,FORG US,2023-08-23,2023-08-25,Delete,23.21,Information Technology,-,-,-,Acq for $23.25 per share in cash. Deal has closed.,
SP500,JNJ US,2023-08-21,2023-08-24,Downweight,167.35,Health Care,-33228001,-5560.7,-1.07,Split-off exchange offer of JNJ for KVUE,
SP500,KVUE US,2023-08-21,2023-08-24,Add,22.9,Consumer Staples,300389422,6878.9,8.81,Split-off exchange offer of JNJ for KVUE,
SP500,AAP US,2023-08-21,2023-08-24,Delete,68.2,Consumer Discretionary,-10347459,-705.7,-5.32,Moved to SP600,
SP600,AAP US,2023-08-21,2023-08-24,Add,68.2,Consumer Discretionary,8213779,560.2,4.22,Moved from SP500,
S&P Completion,AAP US,2023-08-21,2023-08-24,Add,68.2,Consumer Discretionary,1485850,101.3,0.76,Added following removal from SP500,
SP600,EBS US,2023-08-21,2023-08-24,Delete,4.76,Health Care,-6205003,-29.5,-3.64,Discretionary Removal,
Russell 1000,JNJ US,2023-08-21,2023-08-23,Downweight,167.35,Health Care,-7024973,-1175.6,-0.23,Split-off exchange offer of JNJ for KVUE,
Russell 1000,KVUE US,2023-08-21,2023-08-23,Add,22.9,Consumer Staples,56427243,1292.2,1.66,Split-off exchange offer of JNJ for KVUE,
SP500,REG US,2023-08-17,2023-08-21,Upweight,61.03,Real Estate,1816886,110.9,1.8,REG acq UBA for 0.347 REG share per UBA held. Deal has closed.,
SP400,DLB US,2023-08-17,2023-08-21,Add,76.82,Information Technology,6542380,502.6,16.9,Replaces STAA in the SP400,
SP400,STAA US,2023-08-17,2023-08-21,SP400 to SP600,41.63,Health Care,-5317983,-221.4,-7.41,Moved to SP600,
SP600,STAA US,2023-08-17,2023-08-21,SP400 to SP600,41.63,Health Care,6423262,267.4,8.95,Moved from SP400,
SP600,UBA US,2023-08-17,2023-08-21,Delete,21.14,Real Estate,-,-,-,REG acq UBA for 0.347 REG share per UBA held. Deal has closed.,
Russell 2000,FRG US,2023-08-17,2023-08-21,Delete,29.85,Consumer Discretionary,-3148740,-94,-3.38,Acq for $30 in cash.,
MSCI SC,ARHS US,2023-08-17,2023-08-21,Upweight,10.07,Consumer Discretionary,158769,1.6,0.13,Secondary Offering,
MSCI Std,JNJ US,2023-08-11,2023-08-21,Downweight,173.44,Health Care,-4811063,-834.4,-0.28,Split-off exchange offer of JNJ for KVUE,
MSCI Std,KVUE US,2023-08-11,2023-08-21,Add,22.94,Consumer Staples,38297889,878.6,2.27,Split-off exchange offer of JNJ for KVUE,
SP400,CHK US,2023-08-16,2023-08-18,Add,82.58,Energy,11812601,975.5,8.48,Replaces MRCY in the SP400,
SP400,MRCY US,2023-08-16,2023-08-18,SP400 to SP600,36.17,Industrials,-6404857,-231.7,-14.51,Moved to SP600,
SP600,MRCY US,2023-08-16,2023-08-18,SP400 to SP600,36.17,Industrials,7778606,281.4,17.62,Moved from SP400,
SP600,ARNC US,2023-08-16,2023-08-18,Delete,29.98,Materials,-13854135,-415.3,-12.15,Acq for $30 in cash. 8/17 LDOT,
MSCI SC,ARNC US,2023-08-16,2023-08-18,Delete,29.98,Materials,-1491374,-44.7,-1.31,Acq for $30 in cash. 8/17 LDOT,
MSCI SC,HESM US,2023-08-16,2023-08-18,Upweight,28.77,Energy,176335,5.1,0.3,Secondary Offering,
Russell 2000,ARNC US,2023-08-15,2023-08-17,Delete,29.93,Materials,-14249581,-426.5,-13.29,Acq for $30 in cash. 8/17 LDOT,
MSCI SC,FRG US,2023-08-15,2023-08-17,Delete,29.85,Consumer Discretionary,-342698,-10.2,-0.47,Acq for $30 in cash.,
MSCI Std,REG US,2023-08-14,2023-08-16,Upweight,64.21,Real Estate,300100,19.3,0.32,Acq UBA for 0.347 REG per UBA held,
MSCI SC,UBA US,2023-08-14,2023-08-16,Delete,22.25,Real Estate,-434552,-9.7,-2.87,Acq by REG for 0.347 REG per UBA held,
MSCI SC,TNGX US,2023-08-14,2023-08-16,Downweight,6.99,Health Care,-108010,-0.8,-0.03,Private Placement,
MSCI Std,ARMK US,2023-08-10,2023-08-14,Upweight,39.5,Consumer Discretionary,325641,12.9,0.1,Equity Offering,
MSCI SC,MRUS US,2023-08-10,2023-08-14,Upweight,22.9,Health Care,186030,4.3,1.01,Equity Offering,
MSCI SC,NBTB US,2023-08-09,2023-08-11,Upweight,36.65,Financials,64802,2.4,0.38,Acq SAL for 0.7450 NBTB per SAL held,
MSCI SC,MRTX US,2023-08-09,2023-08-11,Upweight,37,Health Care,152352,5.6,0.12,Equity Offering,
SP600,NBTB US,2023-08-08,2023-08-11,Upweight,36.9,Financials,564138,20.8,3.44,Acq SAL for 0.7450 NBTB per SAL held,
Russell 2000,KDNY US,2023-08-08,2023-08-11,Delete,40.32,Health Care,-8256082,-332.9,-4.82,Acq by Novartis (NOVN SW) for $40/share,
Russell 2000,NBTB US,2023-08-07,2023-08-11,Upweight,37.47,Financials,551414,20.7,3.4,Acq SAL for 0.7450 NBTB per SAL held,
MSCI SC,KDNY US,2023-08-07,2023-08-11,Delete,40.35,Health Care,-691385,-27.9,-0.43,Acq by Novartis (NOVN SW) for $40/share,
Russell 2000,BECN US,2023-08-08,2023-08-10,Upweight,82.59,Industrials,724932,59.9,1.33,Equity Offering,
Russell 1000,DV US,2023-08-08,2023-08-10,Upweight,32.69,Information Technology,557500,18.2,0.32,Equity Offering,
Russell 1000,VRT US,2023-08-08,2023-08-10,Upweight,36.22,Industrials,747388,27.1,0.11,Equity Offering,
MSCI SC,SAFE US,2023-08-08,2023-08-10,Upweight,20.83,Real Estate,117172,2.4,0.28,Equity Offering,
SP600,DV US,2023-08-08,2023-08-09,Upweight,32.69,Information Technology,1734716,56.7,0.99,Equity Offering,
Russell 1000,HAYW US,2023-08-04,2023-08-08,Upweight,14.58,Industrials,819131,11.9,0.35,Equity Offering,
MSCI SC,HAYW US,2023-08-04,2023-08-08,Upweight,14.58,Industrials,797893,11.6,0.34,Equity Offering,
MSCI SC,QS US,2023-08-04,2023-08-08,Upweight,8.02,Consumer Discretionary,669831,5.4,0.06,Equity Offering,
MSCI SC,RYI US,2023-08-04,2023-08-08,Upweight,29.99,Materials,118369,3.5,0.33,Equity Offering,
MSCI SC,DICE US,2023-08-04,2023-08-08,Delete,47.31,Health Care,-429400,-20.3,-0.26,Acq by LLY for $48/share,
MSCI SC,KRP US,2023-08-03,2023-08-07,Upweight,14.26,Energy,97875,1.4,0.26,Equity Offering,
SP400,ERIE US,2023-08-01,2023-08-07,Add,220.37,Financials,2741132,604.1,16.05,Replaces PDCE in the SP400,
SP400,PDCE US,2023-08-01,2023-08-07,Delete,75.28,Energy,-8824310,-664.3,-5.93,CVX is to acquire PDCE for 0.4638 CVX shares for every PDCE share held. Expected to close Aug 7,
Russell 1000,LLYVK US,2023-08-01,2023-08-07,Upweight,37.68,Communication Services,304778,11.5,,"Liberty Media reclassification, first day of trading was 8/4/23",
Russell 1000,LLYVA US,2023-08-01,2023-08-07,Upweight,35.73,Communication Services,37352,1.3,,"Liberty Media reclassification, first day of trading was 8/4/23",
SP500,CVX US,2023-08-01,2023-08-07,Upweight,159.67,Energy,6504375,1038.6,0.92,Acq PDCE for 0.4638 CVX per PDCE held,
Russell 1000,CVX US,2023-08-03,2023-08-04,Upweight,159.67,Energy,1476085,235.7,0.21,Acq PDCE for 0.4638 CVX per PDCE held,
Russell 1000,PDCE US,2023-08-03,2023-08-04,Delete,74.05,Energy,-3182648,-235.7,-2.02,Acq by CVX for 0.4638 CVX per PDCE held,
Russell 1000,PTC US,2023-08-03,2023-08-04,Upweight,143.44,Information Technology,238326,34.2,0.28,Equity Offering,
MSCI Std,CVX US,2023-08-03,2023-08-04,Upweight,159.67,Energy,359989,57.5,0.05,Acq PDCE for 0.4638 CVX per PDCE held,
MSCI SC,PDCE US,2023-08-03,2023-08-04,Delete,74.05,Energy,-1315266,-97.4,-0.83,Acq by CVX for 0.4638 CVX per PDCE held,
MSCI SC,LLYVK US,2023-08-03,2023-08-04,Add,,Communication Services,714581,-,-,"Liberty Media reclassification, first day of trading 8/4/23",
MSCI SC,TARS US,2023-08-03,2023-08-04,Upweight,17.33,Health Care,100097,1.7,0.18,Equity Offering,
Russell 1000,CVX US,2023-08-02,2023-08-04,Upweight,159.73,Energy,1476085,235.8,0.21,Acq PDCE for 0.4638 CVX per PDCE held,
Russell 1000,PDCE US,2023-08-02,2023-08-04,Delete,74.04,Energy,-3182648,-235.6,-2.11,Acq by CVX for 0.4638 CVX per PDCE held,
Russell 1000,PTC US,2023-08-02,2023-08-04,Upweight,143.75,Information Technology,238326,34.3,0.28,Equity Offering,
SP400,PAG US,2023-08-01,2023-08-03,Add,162.61,Consumer Discretionary,2663745,433.2,9.21,Replaces UNVR in the SP400,
SP400,UNVR US,2023-08-01,2023-08-03,Delete,36.14,Industrials,-,-,-,"No longer trading, acquired by APO $36.15/share",
MSCI SC,UNVR US,2023-07-31,2023-08-02,Delete,36.14,Industrials,-,-,-,"No longer trading, acquired by APO $36.15/share",
MSCI SC,NEXT US,2023-07-31,2023-08-01,Upweight,5.6,Energy,244712,1.4,0.12,$85 Million Private Placement of Common Stock,
Russell 2000,ASRT US,2023-07-28,2023-07-31,Upweight,5.68,Health Care,4827805,27.4,3.08,ASRT acq. SPPI - .1783 of a share of ASRT and one non-transferable CVR for each share held,
SP600,MSGS US,2023-07-27,2023-07-31,Add,190.1,Communication Services,2356410,448,18.74,Replaces AJRD in the SP600,
SP600,AJRD US,2023-07-27,2023-07-31,Delete,57.99,Industrials,-,-,-,LHX acq AJRD for $58 per share in cash. Deal has closed.,
MSCI SC,AJRD US,2023-07-27,2023-07-31,Delete,57.99,Industrials,-,-,-,LHX acq AJRD for $58 per share in cash. Deal has closed.,
MSCI SC,AUR US,2023-07-20,2023-07-24,Upweight,2.72,Information Technology,3016772,8.2,0.31,Public Offering,
MSCI SC,VSEC US,2023-07-20,2023-07-24,Upweight,51.97,Industrials,21899,1.1,0.27,Public Offering,
Russell 1000,FWONK_x US,2023-07-14,2023-07-24,Delete,41.07,Communication Services,-206374,-8.5,,Removal of dummy line following distribution,
Russell 1000,FWONA_x US,2023-07-14,2023-07-24,Delete,41.07,Communication Services,-25282,-1,,Removal of dummy line following distribution,
Russell 2000,BATRK US,2023-07-14,2023-07-24,Upweight,41.07,Communication Services,879412,36.1,7.34,Upweight to reflect distribution of shares of BATRK to holders of FWONK/FWONA,
SP500,EXR US,2023-07-19,2023-07-21,Upweight,148.96,Real Estate,13266297,1976.1,9.17,Acq LSI for 0.895 EXR per LSI held.,
SP400,LSI US,2023-07-19,2023-07-21,Delete,133.1,Real Estate,-9364665,-1246.4,-10.63,Acq by EXR for 0.895 EXR per LSI held.,
SP400,ELS US,2023-07-19,2023-07-21,Add,66.98,Real Estate,19306625,1293.2,18.24,Replaces LSI in the SP400,
MSCI SC,HROW US,2023-07-19,2023-07-21,Upweight,21.53,Health Care,23158,0.5,0.04,Public Offering,
MSCI SC,BATRK US,2023-07-14,2023-07-20,Upweight,41.07,Communication Services,85647,3.5,0.71,Upweight to reflect distribution of shares of BATRK to holders of FWONK/FWONA,
Russell 1000,FWONK_x US,2023-07-14,2023-07-19,Add,41.07,Communication Services,-,-,-,Dummy line to reflect distribution of shares of BATRK to holders of FWONK,
Russell 1000,FWONA_x US,2023-07-14,2023-07-19,Add,41.07,Communication Services,-,-,-,Dummy line to reflect distribution of shares of BATRK to holders of FWONA,
Russell 2000,BGRY US,2023-07-13,2023-07-19,Delete,1.41,Industrials,-8748992,-12.3,-17.38,Acq for $1.40 per share in cash,
MSCI Std,EXR US,2023-07-14,2023-07-18,Upweight,155.76,Real Estate,1903842,296.5,1.71,EXR acq LSI for 0.895 shares of EXR per LSI held.,
MSCI SC,LSI US,2023-07-14,2023-07-18,Delete,139.18,Real Estate,-1276319,-177.6,-2.25,EXR acq LSI for 0.895 shares of EXR per LSI held.,
Nasdaq 100,ATVI US,2023-07-12,2023-07-14,Delete,90,Communication Services,-15376154,-1383.9,-1.59,Deleted due to pending acquisition from MSFT.,
Nasdaq 100,TTD US,2023-07-12,2023-07-14,Add,84.51,Communication Services,8699926,735.2,2.57,Added to Nasdaq 100 to replace ATVI,
Russell 2000,FRBA US,2023-07-12,2023-07-14,Upweight,11.2,Financials,810118,9.1,15.86,Acq MLVF for cash & stock,
MSCI SC,IE US,2023-07-12,2023-07-13,Upweight,14.79,Materials,77022,1.1,0.18,Private placement,
SP600,DBI US,2023-07-10,2023-07-11,Downweight,10.59,Consumer Discretionary,-182963,-1.9,-0.07,Dutch buyback,
MSCI SC,ISEE US,2023-07-04,2023-07-06,Delete,39.52,Health Care,-1749932,-69.2,-0.38,Acq for $40 per share in cash,
Russell 2000,MAX US,2023-06-30,2023-07-06,Downweight,10.31,Communication Services,-575853,-5.9,-1.76,Partial Tender Offer,
MSCI SC,DSEY US,2023-06-30,2023-07-05,Delete,8.39,Materials,-1217162,-10.2,-0.55,Acq for $8.40 per share in cash,
MSCI SC,PHIN-W US,2023-06-30,2023-07-05,Add,31.49,Health Care,-,-,-,Spin off from BWA. To trade under ticker PHIN eff. 7/5,
MSCI SC,NXT US,2023-06-30,2023-07-05,Upweight,39.81,Industrials,239330,9.5,0.16,Equity Offering,
Russell 2000,NXT US,2023-06-29,2023-07-05,Upweight,38.1,Industrials,1742618,66.4,1.23,Equity Offering,
SP500,FTREV US,2023-06-28,2023-07-05,SP500 to SP600,34.26,Health Care,-15389820,-527.3,,Spin off demotion,
SP600,FTREV US,2023-06-28,2023-07-05,SP500 to SP600,34.26,Health Care,12350840,423.1,,Spin off demotion,
S&P Completion,FTREV US,2023-06-28,2023-07-05,SP500 to SP600,34.26,Health Care,2215000,75.9,,Add following removal from SP500,
SP500,PHIN-W US,2023-06-28,2023-07-05,SP500 to SP600,37,Health Care,-8142118,-301.3,,Spin off demotion,
SP600,PHIN-W US,2023-06-28,2023-07-05,SP500 to SP600,37,Health Care,6534319,241.8,,Spin off demotion,
S&P Completion,PHIN-W US,2023-06-28,2023-07-05,SP500 to SP600,37,Health Care,1171865,43.4,,Add following removal from SP500,
SP600,SENEA US,2023-06-28,2023-07-05,Delete,37.45,Consumer Staples,-738834,-27.7,-20.65,Discretionary Removal,
SP600,LOCO US,2023-06-28,2023-07-05,Delete,9.14,Consumer Discretionary,-2661599,-24.3,-6.24,Discretionary Removal,
Russell 2000,DSEY US,2023-06-28,2023-07-05,Delete,8.38,Materials,-10872432,-91.1,-4.84,Acq for $8.40 per share in cash,
SP500,PHIN-W US,2023-06-28,2023-07-03,Add,37,Health Care,-,-,-,Spin off from BWA. To trade under ticker PHIN eff. 7/5,
Russell 1000,PHIN-W US,2023-06-28,2023-07-03,Add,37,Health Care,-,-,-,Spin off from BWA. To trade under ticker PHIN eff. 7/5,
MSCI SC,FTREV US,2023-06-27,2023-07-03,Add,34.27,Health Care,-,-,-,Spin off from LH. To trade under ticker FTRE eff. 7/5,
SP500,FTREV US,2023-06-28,2023-06-30,Add,34.26,Health Care,-,-,-,Spin off from LH. To trade under ticker FTRE eff. 7/3,
Russell 1000,FTREV US,2023-06-27,2023-06-30,Add,34.27,Health Care,-,-,-,Spin off from LH. To trade under ticker FTRE eff. 7/5,
Russell 2000,SHBI US,2023-06-27,2023-06-30,Upweight,11.86,Financials,-,-,-,SHBI acq TCFC for 2.3287 SHBI per TCFC held,
Russell 2000,TCFC US,2023-06-27,2023-06-30,Delete,27.83,Financials,-,-,-,SHBI acq TCFC for 2.3287 SHBI per TCFC held,
Russell 2000,USX US,2023-06-27,2023-06-30,Delete,6.13,Industrials,-4452302,-27.3,-9.42,Acq for $6.15 per share in cash,
MSCI SC,MAX US,2023-06-27,2023-06-29,Downweight,9.31,Communication Services,-99604,-0.9,-0.3,Partial acquisition,
MSCI SC,INDT US,2023-06-27,2023-06-29,Delete,66.98,Real Estate,-53532,-3.6,-0.44,Acq for $67 per share in cash,
Russell 2000,INDT US,2023-06-26,2023-06-28,Delete,66.97,Real Estate,-779397,-52.2,-6.4,Acq for $67 per share in cash,
MSCI SC,TLRY US,2023-06-26,2023-06-28,Upweight,1.58,Health Care,595663,0.9,0.04,TLRY acq HEXO CN for stock,
Russell 1000,CRBG US,2023-06-26,2023-06-27,Upweight,16.86,Financials,2486318,41.9,0.75,Public Offering,
MSCI SC,MSGE US,2023-06-23,2023-06-27,Upweight,32.35,Communication Services,59489,1.9,0.11,Public Offering,
MSCI SC,ALVR US,2023-06-22,2023-06-26,Upweight,3.18,Health Care,290267,0.9,0.52,Public Offering,
MSCI SC,IGMS US,2023-06-22,2023-06-26,Upweight,9.62,Health Care,19712,0.2,0.06,Public Offering,
MSCI SC,CTIC US,2023-06-21,2023-06-23,Delete,9.1,Health Care,-1779785,-16.2,-0.21,Acq by SOBI SS for $9.10 per share in cash,
SP500,GEHC US,2023-06-16,2023-06-23,Upweight,78.65,Health Care,4738644,372.7,1.27,Share Freeze - Secondary Offering,
SP400,VVV US,2023-06-16,2023-06-23,Downweight,36.45,Consumer Discretionary,-2958203,-107.8,-0.88,Share Freeze - Dutch Auction,
SP600,RDNT US,2023-06-16,2023-06-23,Upweight,31.38,Health Care,1081349,33.9,2.01,Share Freeze - Secondary Offering,
SP600,ROCC US,2023-06-20,2023-06-22,Delete,37.47,Energy,-2665467,-99.9,-7.15,BTE acq ROCC for 7.49 BTE and $13.31 per ROCC. Deal has closed. ROCC removal price will be derived as BTE NYSE close * 7.49 merger ratio + $13.31.,
SP600,ABR US,2023-06-20,2023-06-22,Add,13.44,Financials,25253843,339.4,7.38,Replaces Ranger Oil Corporation in the SP600,
MSCI SC,CWAN US,2023-06-16,2023-06-21,Upweight,15.88,Information Technology,219681,3.5,0.48,Equity Offering,
Russell 2000,METBV US,2023-06-15,2023-06-21,Add,10,Materials,-,-,-,Spin off Addition,
MSCI SC,EDIT US,2023-06-15,2023-06-20,Upweight,8.82,Health Care,187500,1.7,0.07,Equity Offering,
MSCI SC,ZNTL US,2023-06-15,2023-06-20,Upweight,27.62,Health Care,221520,6.1,0.17,Equity Offering,
Russell 2000,CWST US,2023-06-14,2023-06-20,Upweight,87.41,Industrials,718757,62.8,2.43,Equity Offering,
MSCI SC,ROCC US,2023-06-14,2023-06-16,Delete,37.82,Energy,-284384,-10.8,-1.42,Acq for $13.31 and 7.49 shares of BTE CN per share held.,
MSCI SC,RDNT US,2023-06-14,2023-06-16,Upweight,30.06,Health Care,145640,4.4,0.3,Equity Offering,
MSCI SC,CWST US,2023-06-14,2023-06-16,Upweight,87.41,Industrials,78947,6.9,0.27,Equity Offering,
Nasdaq 100,ON US,2023-06-09,2023-06-16,Add,89.02,Information Technology,8242388,733.7,1.12,,
Nasdaq 100,RIVN US,2023-06-09,2023-06-16,Add,13.07,Consumer Discretionary,-14865556,-206.2,-0.64,,
SP600,APAM,2023-06-05,2023-06-16,Add,33.16,Financials,9118125,302.4,22.69,,
SP400,BERY,2023-06-05,2023-06-16,Add,59.94,Materials,12774312,765.7,15.87,,
SP600,BIG,2023-06-05,2023-06-16,Drop from SP600,6.07,Consumer Discretionary,-4116969,-25,-1.83,,
SP600,BOOM,2023-06-05,2023-06-16,Drop from SP600,18.12,Energy,-2632779,-47.7,-25.64,,
SP400,BWXT,2023-06-05,2023-06-16,Add,62.99,Industrials,9886809,622.8,20.32,,
SP600,CARA,2023-06-05,2023-06-16,Drop from SP600,3.09,Health Care,-5945920,-18.4,-8.14,,
SP600,CARG,2023-06-05,2023-06-16,Add,19.5,Communication Services,11543989,225.1,9.65,,
SP400,CCK,2023-06-05,2023-06-16,Add,80.37,Materials,12806405,1029.3,14.18,,
SP600,CMTL,2023-06-05,2023-06-16,Drop from SP600,12.34,Information Technology,-3947841,-48.7,-23.38,,
SP600,CRC,2023-06-05,2023-06-16,Add,39.35,Energy,9329947,367.1,13.49,,
SP600,CUTR,2023-06-05,2023-06-16,Drop from SP600,17.15,Health Care,-2401216,-41.2,-3.08,,
SP600,DAN,2023-06-05,2023-06-16,SP400 to SP600,13.88,Consumer Discretionary,3569897,49.6,3.19,,
SP400,DBX,2023-06-05,2023-06-16,Add,23.68,Information Technology,29341919,694.8,7.52,,
SP600,DEI,2023-06-05,2023-06-16,SP400 to SP600,11.92,Real Estate,3568502,42.5,1.19,,
SP600,DISH,2023-06-05,2023-06-16,SP500 to SP600,7.3,Communication Services,-1596945,-11.7,-0.12,,
SP400,DOCS,2023-06-05,2023-06-16,Add,33.03,Health Care,12770381,421.8,8.32,,
SP600,DOUG,2023-06-05,2023-06-16,Drop from SP600,2.94,Real Estate,-9507166,-28,-20.39,,
SP600,EGRX,2023-06-05,2023-06-16,Drop from SP600,21.53,Health Care,-1406864,-30.3,-11.36,,
SP600,FARO,2023-06-05,2023-06-16,Drop from SP600,15.81,Information Technology,-2667048,-42.2,-6.77,,
SP600,FULT,2023-06-05,2023-06-16,SP400 to SP600,12.22,Financials,3325824,40.6,2.37,,
SP600,GCI,2023-06-05,2023-06-16,Drop from SP600,2.25,Communication Services,-20674953,-46.5,-23.44,,
SP600,GCO,2023-06-05,2023-06-16,Drop from SP600,18.9,Consumer Discretionary,-1705780,-32.2,-6.65,,
SP400,GPK,2023-06-05,2023-06-16,Add,25,Materials,33165886,829.1,12.08,,
SP600,INGN,2023-06-05,2023-06-16,Drop from SP600,10.82,Health Care,-3253253,-35.2,-14.15,,
SP600,LPSN,2023-06-05,2023-06-16,Drop from SP600,3.75,Information Technology,-9728999,-36.5,-5.3,,
SP600,MAC,2023-06-05,2023-06-16,SP400 to SP600,10.16,Real Estate,5711640,58,3.03,,
SP600,MC,2023-06-05,2023-06-16,Add,39.78,Financials,8985312,357.4,15.22,,
SP600,NAVI,2023-06-05,2023-06-16,SP400 to SP600,16.24,Financials,2008871,32.6,1.99,,
SP600,NGVT,2023-06-05,2023-06-16,SP400 to SP600,51.81,Materials,433973,22.5,1.16,,
SP400,OVV,2023-06-05,2023-06-16,Add,35.59,Energy,26313357,936.5,8.81,,
SP500,PANW,2023-06-05,2023-06-16,Add,217.24,Information Technology,44093704,9578.9,9.22,,
SP600,PECO,2023-06-05,2023-06-16,Add,30.18,Real Estate,15639065,472,29.71,,
SP600,PETS,2023-06-05,2023-06-16,Drop from SP600,15.95,Consumer Discretionary,-2999292,-47.8,-7.69,,
SP600,PLCE,2023-06-05,2023-06-16,Drop from SP600,15.78,Consumer Discretionary,-1733304,-27.4,-2.13,,
SP400,PLNT,2023-06-05,2023-06-16,Add,63.71,Consumer Discretionary,9295171,592.2,7.4,,
SP600,RYAM,2023-06-05,2023-06-16,Drop from SP600,3.75,Materials,-9061868,-34,-11.45,,
SP600,SDGR,2023-06-05,2023-06-16,Add,35.65,Health Care,7154518,255.1,7.34,,
SP600,SITM,2023-06-05,2023-06-16,SP400 to SP600,101.92,Information Technology,430461,43.9,1.05,,
SP600,SPWR,2023-06-05,2023-06-16,SP400 to SP600,10.89,Industrials,1995879,21.7,0.38,,
SP600,TG,2023-06-05,2023-06-16,Drop from SP600,7.66,Materials,-3579004,-27.4,-19.45,,
SP600,TREE,2023-06-05,2023-06-16,Drop from SP600,20.09,Financials,-1542125,-31,-5.47,,
SP600,UFPT,2023-06-05,2023-06-16,Add,159.86,Health Care,887769,141.9,13.42,,
SP600,VSCO,2023-06-05,2023-06-16,SP400 to SP600,20.14,Consumer Discretionary,1632747,32.9,0.79,,
SP400,WCC,2023-06-05,2023-06-16,Add,146.14,Industrials,4891002,714.8,6.77,,
SP600,WLY,2023-06-05,2023-06-16,SP400 to SP600,38.21,Communication Services,1114818,42.6,5.5,,
SP400,ZI,2023-06-05,2023-06-16,Add,26.45,Communication Services,30320541,802,6.14,,
SP600,ZUMZ,2023-06-05,2023-06-16,Drop from SP600,15.47,Consumer Discretionary,-2210549,-34.2,-5.95,,
MSCI SC,VVV US,2023-06-13,2023-06-15,Downweight,36.89,Consumer Discretionary,-600345,-22.1,-0.18,Dutch auction buyback,
MSCI SC,RXDX US,2023-06-13,2023-06-15,Delete,198.99,Health Care,-465752,-92.7,-0.42,Acq for $200 per share in cash,
Russell 2000,CVT US,2023-06-09,2023-06-14,Delete,8.49,Information Technology,-6628731,-56.3,-2.92,Acq for $8.50 per share in cash. Exp LDOT 6/14,
MSCI SC,RUTH US,2023-06-09,2023-06-13,Delete,21.48,Consumer Discretionary,-408043,-8.8,-0.21,DRI acq RUTH for $21.50 per share in cash. Exp LDOT 6/13,
SP600,PRVA US,2023-06-07,2023-06-13,Add,25.28,Health Care,12157743,307.3,6.43,Replaces RUTH in the SP600,
SP600,EXPI US,2023-06-07,2023-06-13,Add,16.69,Real Estate,10059275,167.9,14.02,Replaces HSKA in the SP600,
SP600,RUTH US,2023-06-07,2023-06-13,Delete,21.47,Consumer Discretionary,-4099165,-88,-2.14,DRI acq RUTH for $21.50 per share in cash. Exp LDOT 6/13,
SP600,HSKA US,2023-06-07,2023-06-13,Delete,119.87,Health Care,-1418596,-170,-5.14,Mars Inc. acq HSKA for $120.00 per share in cash. Exp LDOT 6/12,
Russell 1000,CRBG US,2023-06-08,2023-06-12,Upweight,16.89,Financials,2392000,40.4,0.93,Equity Offering,
Russell 1000,CNM US,2023-06-08,2023-06-12,Upweight,27.61,Industrials,490146,13.5,0.45,Equity Offering,
Russell 1000,GEHC US,2023-06-08,2023-06-12,Upweight,77.75,Health Care,930920,72.4,0.29,Equity Offering,
Russell 2000,HSKA US,2023-06-08,2023-06-12,Delete,119.94,Health Care,-1337348,-160.4,-4.79,Mars Inc. acq HSKA for $120.00 per share in cash. Exp LDOT 6/12,
MSCI Std,GEHC US,2023-06-08,2023-06-12,Upweight,77.75,Health Care,1136521,88.4,0.36,Equity Offering,
MSCI SC,SKWD US,2023-06-08,2023-06-12,Upweight,24.49,Financials,56487,1.4,0.29,Equity Offering,
MSCI SC,BLBD US,2023-06-08,2023-06-12,Upweight,22.21,Industrials,72072,1.6,0.14,Equity Offering,
Russell 2000,RHP US,2023-06-07,2023-06-09,Upweight,95.26,Real Estate,542506,51.7,1.09,Equity Offering,
MSCI SC,COGT US,2023-06-07,2023-06-09,Upweight,11.7,Health Care,236545,2.8,0.32,Equity Offering,
MSCI SC,DAWN US,2023-06-07,2023-06-09,Upweight,14.41,Health Care,159036,2.3,0.12,Equity Offering,
MSCI SC,HSKA US,2023-06-05,2023-06-07,Delete,119.89,Health Care,-155548,-18.6,-0.63,Acquisition $120 per share,
MSCI Std,LCID US,2023-06-02,2023-06-06,Upweight,6.6,Consumer Discretionary,6528800,43.1,0.29,Equity Offering,
Russell 1000,LCID US,2023-06-01,2023-06-05,Upweight,6.5,Consumer Discretionary,2435568,15.8,0.11,Equity Offering,
MSCI SC,LXRX US,2023-06-01,2023-06-05,Upweight,2.71,Health Care,324519,0.9,0.14,Equity Offering,
